Name,Start date,End date,Chip manufacturer,Chip type,Number of units (median),Number of units (5th percentile),Number of units (95th percentile),H100e compute power (median),H100e compute power (5th percentile),H100e compute power (95th percentile),Chip H100e,Chip TDP (W),Notes,Total TDP (W) (median),Total TDP (W) (5th percentile),Total TDP (W) (95th percentile),Incomplete,Unofficial estimated TDP (W),installed_base_units
A100 Q1 2022 to Q1 2022,2022-01-01,2022-03-31,Nvidia,A100,212120,163481,276445,66883,51547,87166,0.315310763011622,400.0,Estimates generated on: 08-27-2026 15:06,84848000,65392400,110578000,,,212120
A100 Q1 2022 to Q2 2022,2022-01-01,2022-06-30,Nvidia,A100,438794,338178,571857,138356,106631,180312,0.315310763011622,400.0,Estimates generated on: 08-27-2026 15:06,175517600,135271200,228742800,,,650914
A100 Q1 2022 to Q3 2022,2022-01-01,2022-09-30,Nvidia,A100,654527,504444,853010,206379,159056,268963,0.315310763011622,400.0,Estimates generated on: 08-27-2026 15:06,261810800,201777600,341204000,,,1305441
H100/H200 Q1 2022 to Q3 2022,2022-01-01,2022-09-30,Nvidia,H100,6119,5126,7199,6119,5126,7199,1.0,700.0,Estimates generated on: 08-27-2026 15:06,4283300,3588200,5039300,,,1311560
A100 Q1 2022 to Q4 2022,2022-01-01,2022-12-31,Nvidia,A100,768226,592072,1001188,242229,186686,315685,0.315310763011622,400.0,Estimates generated on: 08-27-2026 15:06,307290400,236828800,400475200,,,2079786
A800 Q1 2022 to Q4 2022,2022-01-01,2022-12-31,Nvidia,A800,28132,21517,36492,8870,6784,11506,0.315310763011622,400.0,Estimates generated on: 08-27-2026 15:06,11252800,8606800,14596800,,,2107918
H100/H200 Q1 2022 to Q4 2022,2022-01-01,2022-12-31,Nvidia,H100,38600,32338,45418,38600,32338,45418,1.0,700.0,Estimates generated on: 08-27-2026 15:06,27020000,22636600,31792600,,,2146518
H100/H200 Q1 2022 to Q1 2023,2022-01-01,2023-03-31,Nvidia,H100,95240,79790,112063,95240,79790,112063,1.0,700.0,Estimates generated on: 08-27-2026 15:06,66668000,55853000,78444100,,,2241758
A800 Q1 2022 to Q1 2023,2022-01-01,2023-03-31,Nvidia,A800,57439,43933,74508,18111,13852,23493,0.315310763011622,400.0,Estimates generated on: 08-27-2026 15:06,22975600,17573200,29803200,,,2299197
H800 Q1 2022 to Q1 2023,2022-01-01,2023-03-31,Nvidia,H800,7342,5923,9136,7342,5923,9136,1.0,700.0,Estimates generated on: 08-27-2026 15:06,5139400,4146100,6395200,,,2306539
A100 Q1 2022 to Q1 2023,2022-01-01,2023-03-31,Nvidia,A100,827250,637562,1078111,260840,201030,339940,0.315310763011622,400.0,Estimates generated on: 08-27-2026 15:06,330900000,255024800,431244400,,,3133789
H100/H200 Q1 2022 to Q2 2023,2022-01-01,2023-06-30,Nvidia,H100,246654,206642,290222,246654,206642,290222,1.0,700.0,Estimates generated on: 08-27-2026 15:06,172657800,144649400,203155400,,,3380443
A100 Q1 2022 to Q2 2023,2022-01-01,2023-06-30,Nvidia,A100,891759,687279,1162182,281181,216706,366448,0.315310763011622,400.0,Estimates generated on: 08-27-2026 15:06,356703600,274911600,464872800,,,4272202
H800 Q1 2022 to Q2 2023,2022-01-01,2023-06-30,Nvidia,H800,39258,31670,48855,39258,31670,48855,1.0,700.0,Estimates generated on: 08-27-2026 15:06,27480600,22169000,34198500,,,4311460
A800 Q1 2022 to Q2 2023,2022-01-01,2023-06-30,Nvidia,A800,83825,64116,108736,26431,20216,34285,0.315310763011622,400.0,Estimates generated on: 08-27-2026 15:06,33530000,25646400,43494400,,,4395285
H100/H200 Q1 2022 to Q3 2023,2022-01-01,2023-09-30,Nvidia,H100,506743,424539,596251,506743,424539,596251,1.0,700.0,Estimates generated on: 08-27-2026 15:06,354720100,297177300,417375700,,,4902028
A100 Q1 2022 to Q3 2023,2022-01-01,2023-09-30,Nvidia,A100,946712,729631,1233800,298508,230060,389030,0.315310763011622,400.0,Estimates generated on: 08-27-2026 15:06,378684800,291852400,493520000,,,5848740
H800 Q1 2022 to Q3 2023,2022-01-01,2023-09-30,Nvidia,H800,95592,77116,118960,95592,77116,118960,1.0,700.0,Estimates generated on: 08-27-2026 15:06,66914400,53981200,83272000,,,5944332
A800 Q1 2022 to Q3 2023,2022-01-01,2023-09-30,Nvidia,A800,112331,85919,145712,35419,27091,45944,0.315310763011622,400.0,Estimates generated on: 08-27-2026 15:06,44932400,34367600,58284800,,,6056663
A100 Q1 2022 to Q4 2023,2022-01-01,2023-12-31,Nvidia,A100,961830,741283,1253503,303275,233734,395242,0.315310763011622,400.0,Estimates generated on: 08-27-2026 15:06,384732000,296513200,501401200,,,7018493
A800 Q1 2022 to Q4 2023,2022-01-01,2023-12-31,Nvidia,A800,121421,92871,157504,38285,29283,49662,0.315310763011622,400.0,Estimates generated on: 08-27-2026 15:06,48568400,37148400,63001600,,,7139914
H100/H200 Q1 2022 to Q4 2023,2022-01-01,2023-12-31,Nvidia,H100,930257,779351,1094572,930257,779351,1094572,1.0,700.0,Estimates generated on: 08-27-2026 15:06,651179900,545545700,766200400,,,8070171
H800 Q1 2022 to Q4 2023,2022-01-01,2023-12-31,Nvidia,H800,115430,93121,143648,115430,93121,143648,1.0,700.0,Estimates generated on: 08-27-2026 15:06,80801000,65184700,100553600,,,8185601
H800 Q1 2022 to Q1 2024,2022-01-01,2024-03-31,Nvidia,H800,115430,93121,143648,115430,93121,143648,1.0,700.0,Estimates generated on: 08-27-2026 15:06,80801000,65184700,100553600,,,8301031
A100 Q1 2022 to Q1 2024,2022-01-01,2024-03-31,Nvidia,A100,961830,741283,1253503,303275,233734,395242,0.315310763011622,400.0,Estimates generated on: 08-27-2026 15:06,384732000,296513200,501401200,,,9262861
H100/H200 Q1 2022 to Q1 2024,2022-01-01,2024-03-31,Nvidia,H100,1482509,1242017,1744370,1482509,1242017,1744370,1.0,700.0,Estimates generated on: 08-27-2026 15:06,1037756300,869411900,1221059000,,,10745370
A800 Q1 2022 to Q1 2024,2022-01-01,2024-03-31,Nvidia,A800,121421,92871,157504,38285,29283,49662,0.315310763011622,400.0,Estimates generated on: 08-27-2026 15:06,48568400,37148400,63001600,,,10866791
H20 Q1 2022 to Q1 2024,2022-01-01,2024-03-31,Nvidia,H20,138719,106730,180461,20748,15963,26991,0.1495704901465386,400.0,Estimates generated on: 08-27-2026 15:06,55487600,42692000,72184400,,,11005510
H20 Q1 2022 to Q2 2024,2022-01-01,2024-06-30,Nvidia,H20,361784,278354,470647,54112,41633,70394,0.1495704901465386,400.0,Estimates generated on: 08-27-2026 15:06,144713600,111341600,188258800,,,11367294
H100/H200 Q1 2022 to Q2 2024,2022-01-01,2024-06-30,Nvidia,H100,2133384,1787307,2510211,2133384,1787307,2510211,1.0,700.0,Estimates generated on: 08-27-2026 15:06,1493368800,1251114900,1757147700,,,13500678
A800 Q1 2022 to Q2 2024,2022-01-01,2024-06-30,Nvidia,A800,121421,92871,157504,38285,29283,49662,0.315310763011622,400.0,Estimates generated on: 08-27-2026 15:06,48568400,37148400,63001600,,,13622099
H800 Q1 2022 to Q2 2024,2022-01-01,2024-06-30,Nvidia,H800,115430,93121,143648,115430,93121,143648,1.0,700.0,Estimates generated on: 08-27-2026 15:06,80801000,65184700,100553600,,,13737529
A100 Q1 2022 to Q2 2024,2022-01-01,2024-06-30,Nvidia,A100,961830,741283,1253503,303275,233734,395242,0.315310763011622,400.0,Estimates generated on: 08-27-2026 15:06,384732000,296513200,501401200,,,14699359
H800 Q1 2022 to Q3 2024,2022-01-01,2024-09-30,Nvidia,H800,115430,93121,143648,115430,93121,143648,1.0,700.0,Estimates generated on: 08-27-2026 15:06,80801000,65184700,100553600,,,14814789
A100 Q1 2022 to Q3 2024,2022-01-01,2024-09-30,Nvidia,A100,961830,741283,1253503,303275,233734,395242,0.315310763011622,400.0,Estimates generated on: 08-27-2026 15:06,384732000,296513200,501401200,,,15776619
H100/H200 Q1 2022 to Q3 2024,2022-01-01,2024-09-30,Nvidia,H100,2927767,2452825,3444909,2927767,2452825,3444909,1.0,700.0,Estimates generated on: 08-27-2026 15:06,2049436900,1716977500,2411436300,,,18704386
A800 Q1 2022 to Q3 2024,2022-01-01,2024-09-30,Nvidia,A800,121421,92871,157504,38285,29283,49662,0.315310763011622,400.0,Estimates generated on: 08-27-2026 15:06,48568400,37148400,63001600,,,18825807
H20 Q1 2022 to Q3 2024,2022-01-01,2024-09-30,Nvidia,H20,634031,487819,824815,94832,72963,123367,0.1495704901465386,400.0,Estimates generated on: 08-27-2026 15:06,253612400,195127600,329926000,,,19459838
H100/H200 Q1 2022 to Q4 2024,2022-01-01,2024-12-31,Nvidia,H100,3608873,3023442,4246321,3608873,3023442,4246321,1.0,700.0,Estimates generated on: 08-27-2026 15:06,2526211100,2116409400,2972424700,,,23068711
A100 Q1 2022 to Q4 2024,2022-01-01,2024-12-31,Nvidia,A100,961830,741283,1253503,303275,233734,395242,0.315310763011622,400.0,Estimates generated on: 08-27-2026 15:06,384732000,296513200,501401200,,,24030541
B200 Q1 2022 to Q4 2024,2022-01-01,2024-12-31,Nvidia,B200,200737,171211,235124,507169,432569,594049,2.526528549772612,1200.0,Estimates generated on: 08-27-2026 15:06,240884400,205453200,282148800,,,24231278
H20 Q1 2022 to Q4 2024,2022-01-01,2024-12-31,Nvidia,H20,958411,737396,1246803,143350,110292,186484,0.1495704901465386,400.0,Estimates generated on: 08-27-2026 15:06,383364400,294958400,498721200,,,25189689
A800 Q1 2022 to Q4 2024,2022-01-01,2024-12-31,Nvidia,A800,121421,92871,157504,38285,29283,49662,0.315310763011622,400.0,Estimates generated on: 08-27-2026 15:06,48568400,37148400,63001600,,,25311110
H800 Q1 2022 to Q4 2024,2022-01-01,2024-12-31,Nvidia,H800,115430,93121,143648,115430,93121,143648,1.0,700.0,Estimates generated on: 08-27-2026 15:06,80801000,65184700,100553600,,,25426540
H800 Q1 2022 to Q1 2025,2022-01-01,2025-03-31,Nvidia,H800,115430,93121,143648,115430,93121,143648,1.0,700.0,Estimates generated on: 08-27-2026 15:06,80801000,65184700,100553600,,,25541970
A800 Q1 2022 to Q1 2025,2022-01-01,2025-03-31,Nvidia,A800,121421,92871,157504,38285,29283,49662,0.315310763011622,400.0,Estimates generated on: 08-27-2026 15:06,48568400,37148400,63001600,,,25663391
B200 Q1 2022 to Q1 2025,2022-01-01,2025-03-31,Nvidia,B200,720370,614410,843772,1820035,1552326,2131815,2.526528549772612,1200.0,Estimates generated on: 08-27-2026 15:06,864444000,737292000,1012526400,,,26383761
A100 Q1 2022 to Q1 2025,2022-01-01,2025-03-31,Nvidia,A100,961830,741283,1253503,303275,233734,395242,0.315310763011622,400.0,Estimates generated on: 08-27-2026 15:06,384732000,296513200,501401200,,,27345591
H100/H200 Q1 2022 to Q1 2025,2022-01-01,2025-03-31,Nvidia,H100,3937891,3299088,4633456,3937891,3299088,4633456,1.0,700.0,Estimates generated on: 08-27-2026 15:06,2756523700,2309361600,3243419200,,,31283482
H20 Q1 2022 to Q1 2025,2022-01-01,2025-03-31,Nvidia,H20,1320088,1015668,1717311,197446,151914,256859,0.1495704901465386,400.0,Estimates generated on: 08-27-2026 15:06,528035200,406267200,686924400,,,32603570
H800 Q1 2022 to Q2 2025,2022-01-01,2025-06-30,Nvidia,H800,115430,93121,143648,115430,93121,143648,1.0,700.0,Estimates generated on: 08-27-2026 15:06,80801000,65184700,100553600,,,32719000
B300 Q1 2022 to Q2 2025,2022-01-01,2025-06-30,Nvidia,B300,215192,182304,252850,543689,460596,638833,2.526528549772612,1400.0,Estimates generated on: 08-27-2026 15:06,301268800,255225600,353990000,,,32934192
A800 Q1 2022 to Q2 2025,2022-01-01,2025-06-30,Nvidia,A800,121421,92871,157504,38285,29283,49662,0.315310763011622,400.0,Estimates generated on: 08-27-2026 15:06,48568400,37148400,63001600,,,33055613
H100/H200 Q1 2022 to Q2 2025,2022-01-01,2025-06-30,Nvidia,H100,4166599,3490695,4902561,4166599,3490695,4902561,1.0,700.0,Estimates generated on: 08-27-2026 15:06,2916619300,2443486500,3431792700,,,37222212
B200 Q1 2022 to Q2 2025,2022-01-01,2025-06-30,Nvidia,B200,1154852,984985,1352684,2917769,2488594,3417596,2.526528549772612,1200.0,Estimates generated on: 08-27-2026 15:06,1385822400,1181982000,1623220800,,,38377064
H20 Q1 2022 to Q2 2025,2022-01-01,2025-06-30,Nvidia,H20,1472781,1133149,1915950,220284,169485,286569,0.1495704901465386,400.0,Estimates generated on: 08-27-2026 15:06,589112400,453259600,766380000,,,39849845
A100 Q1 2022 to Q2 2025,2022-01-01,2025-06-30,Nvidia,A100,961830,741283,1253503,303275,233734,395242,0.315310763011622,400.0,Estimates generated on: 08-27-2026 15:06,384732000,296513200,501401200,,,40811675
B200 Q1 2022 to Q3 2025,2022-01-01,2025-09-30,Nvidia,B200,1500941,1280168,1758059,3792171,3234381,4441788,2.526528549772612,1200.0,Estimates generated on: 08-27-2026 15:06,1801129200,1536201600,2109670800,,,42312616
B300 Q1 2022 to Q3 2025,2022-01-01,2025-09-30,Nvidia,B300,756967,641279,889434,1912499,1620210,2247182,2.526528549772612,1400.0,Estimates generated on: 08-27-2026 15:06,1059753800,897790600,1245207600,,,43069583
A800 Q1 2022 to Q3 2025,2022-01-01,2025-09-30,Nvidia,A800,121421,92871,157504,38285,29283,49662,0.315310763011622,400.0,Estimates generated on: 08-27-2026 15:06,48568400,37148400,63001600,,,43191004
H100/H200 Q1 2022 to Q3 2025,2022-01-01,2025-09-30,Nvidia,H100,4293907,3597351,5052355,4293907,3597351,5052355,1.0,700.0,Estimates generated on: 08-27-2026 15:06,3005734900,2518145700,3536648500,,,47484911
A100 Q1 2022 to Q3 2025,2022-01-01,2025-09-30,Nvidia,A100,961830,741283,1253503,303275,233734,395242,0.315310763011622,400.0,Estimates generated on: 08-27-2026 15:06,384732000,296513200,501401200,,,48446741
H800 Q1 2022 to Q3 2025,2022-01-01,2025-09-30,Nvidia,H800,115430,93121,143648,115430,93121,143648,1.0,700.0,Estimates generated on: 08-27-2026 15:06,80801000,65184700,100553600,,,48562171
H20 Q1 2022 to Q3 2025,2022-01-01,2025-09-30,Nvidia,H20,1489899,1146319,1938218,222844,171455,289900,0.1495704901465386,400.0,Estimates generated on: 08-27-2026 15:06,595959600,458527600,775287200,,,50052070
H20 Q1 2022 to Q4 2025,2022-01-01,2025-12-31,Nvidia,H20,1489899,1146319,1938218,222844,171455,289900,0.1495704901465386,400.0,Estimates generated on: 08-27-2026 15:06,595959600,458527600,775287200,,,51541969
A800 Q1 2022 to Q4 2025,2022-01-01,2025-12-31,Nvidia,A800,121421,92871,157504,38285,29283,49662,0.315310763011622,400.0,Estimates generated on: 08-27-2026 15:06,48568400,37148400,63001600,,,51663390
H800 Q1 2022 to Q4 2025,2022-01-01,2025-12-31,Nvidia,H800,115430,93121,143648,115430,93121,143648,1.0,700.0,Estimates generated on: 08-27-2026 15:06,80801000,65184700,100553600,,,51778820
H100/H200 Q1 2022 to Q4 2025,2022-01-01,2025-12-31,Nvidia,H100,4317291,3616942,5079871,4317291,3616942,5079871,1.0,700.0,Estimates generated on: 08-27-2026 15:06,3022103700,2531859400,3555909700,,,56096111
B300 Q1 2022 to Q4 2025,2022-01-01,2025-12-31,Nvidia,B300,1500692,1271339,1763309,3791541,3212076,4455050,2.526528549772612,1400.0,Estimates generated on: 08-27-2026 15:06,2100968800,1779874600,2468632600,,,57596803
B200 Q1 2022 to Q4 2025,2022-01-01,2025-12-31,Nvidia,B200,1918562,1636361,2247221,4847303,4134314,5677669,2.526528549772612,1200.0,Estimates generated on: 08-27-2026 15:06,2302274400,1963633200,2696665200,,,59515365
A100 Q1 2022 to Q4 2025,2022-01-01,2025-12-31,Nvidia,A100,961830,741283,1253503,303275,233734,395242,0.315310763011622,400.0,Estimates generated on: 08-27-2026 15:06,384732000,296513200,501401200,,,60477195
B200 Q1 2022 to Q1 2026,2022-01-01,2026-03-31,Nvidia,B200,2265853,1932568,2654003,5724742,4882690,6705416,2.526528549772612,1200.0,Estimates generated on: 08-27-2026 15:06,2719023600,2319081600,3184803600,,,62743048
H800 Q1 2022 to Q1 2026,2022-01-01,2026-03-31,Nvidia,H800,115430,93121,143648,115430,93121,143648,1.0,700.0,Estimates generated on: 08-27-2026 15:06,80801000,65184700,100553600,,,62858478
A100 Q1 2022 to Q1 2026,2022-01-01,2026-03-31,Nvidia,A100,961830,741283,1253503,303275,233734,395242,0.315310763011622,400.0,Estimates generated on: 08-27-2026 15:06,384732000,296513200,501401200,,,63820308
H20 Q1 2022 to Q1 2026,2022-01-01,2026-03-31,Nvidia,H20,1489899,1146319,1938218,222844,171455,289900,0.1495704901465386,400.0,Estimates generated on: 08-27-2026 15:06,595959600,458527600,775287200,,,65310207
A800 Q1 2022 to Q1 2026,2022-01-01,2026-03-31,Nvidia,A800,121421,92871,157504,38285,29283,49662,0.315310763011622,400.0,Estimates generated on: 08-27-2026 15:06,48568400,37148400,63001600,,,65431628
B300 Q1 2022 to Q1 2026,2022-01-01,2026-03-31,Nvidia,B300,2493566,2112472,2929933,6300067,5337221,7402561,2.526528549772612,1400.0,Estimates generated on: 08-27-2026 15:06,3490992400,2957460800,4101906200,,,67925194
H100/H200 Q1 2022 to Q1 2026,2022-01-01,2026-03-31,Nvidia,H100,4317291,3616942,5079871,4317291,3616942,5079871,1.0,700.0,Estimates generated on: 08-27-2026 15:06,3022103700,2531859400,3555909700,,,72242485
H800 Q1 2022 to Q2 2026,2022-01-01,2026-06-30,Nvidia,H800,115430,93121,143648,115430,93121,143648,1.0,700.0,Estimates generated on: 08-27-2026 15:06,80801000,65184700,100553600,,,72357915
B200 Q1 2022 to Q2 2026,2022-01-01,2026-06-30,Nvidia,B200,2489075,2122957,2915465,6288720,5363712,7366006,2.526528549772612,1200.0,Estimates generated on: 08-27-2026 15:06,2986890000,2547548400,3498558000,,,74846990
B300 Q1 2022 to Q2 2026,2022-01-01,2026-06-30,Nvidia,B300,3827608,3242631,4497429,9670561,8192600,11362883,2.526528549772612,1400.0,Estimates generated on: 08-27-2026 15:06,5358651200,4539683400,6296400600,,,78674598
A800 Q1 2022 to Q2 2026,2022-01-01,2026-06-30,Nvidia,A800,121421,92871,157504,38285,29283,49662,0.315310763011622,400.0,Estimates generated on: 08-27-2026 15:06,48568400,37148400,63001600,,,78796019
H100/H200 Q1 2022 to Q2 2026,2022-01-01,2026-06-30,Nvidia,H100,4336647,3633158,5102645,4336647,3633158,5102645,1.0,700.0,Estimates generated on: 08-27-2026 15:06,3035652900,2543210600,3571851500,,,83132666
H20 Q1 2022 to Q2 2026,2022-01-01,2026-06-30,Nvidia,H20,1489899,1146319,1938218,222844,171455,289900,0.1495704901465386,400.0,Estimates generated on: 08-27-2026 15:06,595959600,458527600,775287200,,,84622565
A100 Q1 2022 to Q2 2026,2022-01-01,2026-06-30,Nvidia,A100,961830,741283,1253503,303275,233734,395242,0.315310763011622,400.0,Estimates generated on: 08-27-2026 15:06,384732000,296513200,501401200,,,85584395
A100 Q1 2022 to Q3 2026,2022-01-01,2026-09-30,Nvidia,A100,961830,741283,1253503,303275,233734,395242,0.315310763011622,400.0,Incomplete: based on Nvidia fiscal quarters ending 7/26/2026. Estimates generated on: 08-27-2026 15:06,384732000,296513200,501401200,True,,86546225
H100/H200 Q1 2022 to Q3 2026,2022-01-01,2026-09-30,Nvidia,H100,4344390,3639644,5111755,4344390,3639644,5111755,1.0,700.0,Incomplete: based on Nvidia fiscal quarters ending 7/26/2026. Estimates generated on: 08-27-2026 15:06,3041073000,2547750800,3578228500,True,,90890615
H20 Q1 2022 to Q3 2026,2022-01-01,2026-09-30,Nvidia,H20,1489899,1146319,1938218,222844,171455,289900,0.1495704901465386,400.0,Incomplete: based on Nvidia fiscal quarters ending 7/26/2026. Estimates generated on: 08-27-2026 15:06,595959600,458527600,775287200,True,,92380514
A800 Q1 2022 to Q3 2026,2022-01-01,2026-09-30,Nvidia,A800,121421,92871,157504,38285,29283,49662,0.315310763011622,400.0,Incomplete: based on Nvidia fiscal quarters ending 7/26/2026. Estimates generated on: 08-27-2026 15:06,48568400,37148400,63001600,True,,92501935
H800 Q1 2022 to Q3 2026,2022-01-01,2026-09-30,Nvidia,H800,115430,93121,143648,115430,93121,143648,1.0,700.0,Incomplete: based on Nvidia fiscal quarters ending 7/26/2026. Estimates generated on: 08-27-2026 15:06,80801000,65184700,100553600,True,,92617365
B200 Q1 2022 to Q3 2026,2022-01-01,2026-09-30,Nvidia,B200,2542266,2168324,2977768,6423108,5478333,7523416,2.526528549772612,1200.0,Incomplete: based on Nvidia fiscal quarters ending 7/26/2026. Estimates generated on: 08-27-2026 15:06,3050719200,2601988800,3573321600,True,,95159631
B300 Q1 2022 to Q3 2026,2022-01-01,2026-09-30,Nvidia,B300,4236506,3589036,4977883,10703654,9067804,12576764,2.526528549772612,1400.0,Incomplete: based on Nvidia fiscal quarters ending 7/26/2026. Estimates generated on: 08-27-2026 15:06,5931108400,5024650400,6969036200,True,,99396137
TPU v4i Q1 2023 to Q1 2023,2023-01-01,2023-03-31,Google,TPU v4i,30217,18618,45932,2107,1298,3202,0.0697321879737241,175.0,Estimates generated on: 09-30-2026 14:07,5287975,3258150,8038100,,,99426354
TPU v4 Q1 2023 to Q1 2023,2023-01-01,2023-03-31,Google,TPU v4,186898,136920,241262,25971,19026,33525,0.1389590702374936,340.0,Estimates generated on: 09-30-2026 14:07,63545320,46552800,82029080,,,99613252
TPU v5e Q1 2023 to Q1 2023,2023-01-01,2023-03-31,Google,TPU v5e,54733,33743,81622,10869,6700,16208,0.1985851440121273,225.0,Estimates generated on: 09-30-2026 14:07,12314925,7592175,18364950,,225.0,99667985
TPU v4 Q1 2023 to Q2 2023,2023-01-01,2023-06-30,Google,TPU v4,253499,185535,329308,35226,25781,45760,0.1389590702374936,340.0,Estimates generated on: 09-30-2026 14:07,86189660,63081900,111964720,,,99921484
TPU v4i Q1 2023 to Q2 2023,2023-01-01,2023-06-30,Google,TPU v4i,30217,18618,45932,2107,1298,3202,0.0697321879737241,175.0,Estimates generated on: 09-30-2026 14:07,5287975,3258150,8038100,,,99951701
TPU v5e Q1 2023 to Q2 2023,2023-01-01,2023-06-30,Google,TPU v5e,175698,122750,240757,34891,24376,47810,0.1985851440121273,225.0,Estimates generated on: 09-30-2026 14:07,39532050,27618750,54170325,,225.0,100127399
TPU v4i Q1 2023 to Q3 2023,2023-01-01,2023-09-30,Google,TPU v4i,30217,18618,45932,2107,1298,3202,0.0697321879737241,175.0,Estimates generated on: 09-30-2026 14:07,5287975,3258150,8038100,,,100157616
TPU v5e Q1 2023 to Q3 2023,2023-01-01,2023-09-30,Google,TPU v5e,427127,308370,561666,84821,61237,111538,0.1985851440121273,225.0,Estimates generated on: 09-30-2026 14:07,96103575,69383250,126374850,,225.0,100584743
TPU v4 Q1 2023 to Q3 2023,2023-01-01,2023-09-30,Google,TPU v4,264153,192274,346210,36706,26718,48109,0.1389590702374936,340.0,Estimates generated on: 09-30-2026 14:07,89812020,65373160,117711400,,,100848896
TPU v4i Q1 2023 to Q4 2023,2023-01-01,2023-12-31,Google,TPU v4i,30217,18618,45932,2107,1298,3202,0.0697321879737241,175.0,Estimates generated on: 09-30-2026 14:07,5287975,3258150,8038100,,,100879113
TPU v5p Q1 2023 to Q4 2023,2023-01-01,2023-12-31,Google,TPU v5p,14428,7449,22380,6693,3455,10381,0.4638706417382516,540.0,Estimates generated on: 09-30-2026 14:07,7791120,4022460,12085200,,,100893541
TPU v4 Q1 2023 to Q4 2023,2023-01-01,2023-12-31,Google,TPU v4,264153,192274,346210,36706,26718,48109,0.1389590702374936,340.0,Estimates generated on: 09-30-2026 14:07,89812020,65373160,117711400,,,101157694
TPU v5e Q1 2023 to Q4 2023,2023-01-01,2023-12-31,Google,TPU v5e,817364,595521,1062964,162316,118261,211088,0.1985851440121273,225.0,Estimates generated on: 09-30-2026 14:07,183906900,133992225,239166900,,225.0,101975058
TPU v4 Q1 2023 to Q1 2024,2023-01-01,2024-03-31,Google,TPU v4,264153,192274,346210,36706,26718,48109,0.1389590702374936,340.0,Estimates generated on: 09-30-2026 14:07,89812020,65373160,117711400,,,102239211
TPU v4i Q1 2023 to Q1 2024,2023-01-01,2024-03-31,Google,TPU v4i,30217,18618,45932,2107,1298,3202,0.0697321879737241,175.0,Estimates generated on: 09-30-2026 14:07,5287975,3258150,8038100,,,102269428
TPU v5e Q1 2023 to Q1 2024,2023-01-01,2024-03-31,Google,TPU v5e,1238207,903586,1604933,245889,179438,318715,0.1985851440121273,225.0,Estimates generated on: 09-30-2026 14:07,278596575,203306850,361109925,,225.0,103507635
TPU v5p Q1 2023 to Q1 2024,2023-01-01,2024-03-31,Google,TPU v5p,97930,70420,128463,45427,32666,59590,0.4638706417382516,540.0,Estimates generated on: 09-30-2026 14:07,52882200,38026800,69370020,,,103605565
TPU v4 Q1 2023 to Q2 2024,2023-01-01,2024-06-30,Google,TPU v4,264153,192274,346210,36706,26718,48109,0.1389590702374936,340.0,Estimates generated on: 09-30-2026 14:07,89812020,65373160,117711400,,,103869718
TPU v5p Q1 2023 to Q2 2024,2023-01-01,2024-06-30,Google,TPU v5p,243436,177591,317645,112923,82379,147346,0.4638706417382516,540.0,Estimates generated on: 09-30-2026 14:07,131455440,95899140,171528300,,,104113154
TPU v5e Q1 2023 to Q2 2024,2023-01-01,2024-06-30,Google,TPU v5e,1612046,1181527,2110677,320128,234633,419149,0.1985851440121273,225.0,Estimates generated on: 09-30-2026 14:07,362710350,265843575,474902325,,225.0,105725200
TPU v4i Q1 2023 to Q2 2024,2023-01-01,2024-06-30,Google,TPU v4i,30217,18618,45932,2107,1298,3202,0.0697321879737241,175.0,Estimates generated on: 09-30-2026 14:07,5287975,3258150,8038100,,,105755417
TPU v4i Q1 2023 to Q3 2024,2023-01-01,2024-09-30,Google,TPU v4i,30217,18618,45932,2107,1298,3202,0.0697321879737241,175.0,Estimates generated on: 09-30-2026 14:07,5287975,3258150,8038100,,,105785634
TPU v5e Q1 2023 to Q3 2024,2023-01-01,2024-09-30,Google,TPU v5e,1969686,1449585,2591638,391150,287866,514660,0.1985851440121273,225.0,Estimates generated on: 09-30-2026 14:07,443179350,326156625,583118550,,225.0,107755320
TPU v4 Q1 2023 to Q3 2024,2023-01-01,2024-09-30,Google,TPU v4,264153,192274,346210,36706,26718,48109,0.1389590702374936,340.0,Estimates generated on: 09-30-2026 14:07,89812020,65373160,117711400,,,108019473
TPU v6e Q1 2023 to Q3 2024,2023-01-01,2024-09-30,Google,TPU v6e,40715,16904,72215,37773,15683,66996,0.9277412834765032,380.0,Estimates generated on: 09-30-2026 14:07,15471700,6423520,27441700,,,108060188
TPU v5p Q1 2023 to Q3 2024,2023-01-01,2024-09-30,Google,TPU v5p,403453,292213,527706,187150,135549,244787,0.4638706417382516,540.0,Estimates generated on: 09-30-2026 14:07,217864620,157795020,284961240,,,108463641
TPU v5p Q1 2023 to Q4 2024,2023-01-01,2024-12-31,Google,TPU v5p,539444,391718,706227,250232,181706,327598,0.4638706417382516,540.0,Estimates generated on: 09-30-2026 14:07,291299760,211527720,381362580,,,109003085
TPU v4 Q1 2023 to Q4 2024,2023-01-01,2024-12-31,Google,TPU v4,264153,192274,346210,36706,26718,48109,0.1389590702374936,340.0,Estimates generated on: 09-30-2026 14:07,89812020,65373160,117711400,,,109267238
TPU v5e Q1 2023 to Q4 2024,2023-01-01,2024-12-31,Google,TPU v5e,2271994,1668746,2994509,451184,331388,594665,0.1985851440121273,225.0,Estimates generated on: 09-30-2026 14:07,511198650,375467850,673764525,,225.0,111539232
TPU v4i Q1 2023 to Q4 2024,2023-01-01,2024-12-31,Google,TPU v4i,30217,18618,45932,2107,1298,3202,0.0697321879737241,175.0,Estimates generated on: 09-30-2026 14:07,5287975,3258150,8038100,,,111569449
TPU v6e Q1 2023 to Q4 2024,2023-01-01,2024-12-31,Google,TPU v6e,215300,150451,291838,199742,139580,270750,0.9277412834765032,380.0,Estimates generated on: 09-30-2026 14:07,81814000,57171380,110898440,,,111784749
TPU v4i Q1 2023 to Q1 2025,2023-01-01,2025-03-31,Google,TPU v4i,30217,18618,45932,2107,1298,3202,0.0697321879737241,175.0,Estimates generated on: 09-30-2026 14:07,5287975,3258150,8038100,,,111814966
TPU v4 Q1 2023 to Q1 2025,2023-01-01,2025-03-31,Google,TPU v4,264153,192274,346210,36706,26718,48109,0.1389590702374936,340.0,Estimates generated on: 09-30-2026 14:07,89812020,65373160,117711400,,,112079119
TPU v5p Q1 2023 to Q1 2025,2023-01-01,2025-03-31,Google,TPU v5p,634038,463626,826346,294111,215062,383318,0.4638706417382516,540.0,Estimates generated on: 09-30-2026 14:07,342380520,250358040,446226840,,,112713157
TPU v6e Q1 2023 to Q1 2025,2023-01-01,2025-03-31,Google,TPU v6e,625536,469363,794716,580336,435447,737290,0.9277412834765032,380.0,Estimates generated on: 09-30-2026 14:07,237703680,178357940,301992080,,,113338693
TPU v5e Q1 2023 to Q1 2025,2023-01-01,2025-03-31,Google,TPU v5e,2368144,1735597,3119359,470278,344663,619458,0.1985851440121273,225.0,Estimates generated on: 09-30-2026 14:07,532832400,390509325,701855775,,225.0,115706837
TPU v6e Q1 2023 to Q2 2025,2023-01-01,2025-06-30,Google,TPU v6e,1291115,989181,1596495,1197820,917704,1481134,0.9277412834765032,380.0,Estimates generated on: 09-30-2026 14:07,490623700,375888780,606668100,,,116997952
TPU v5p Q1 2023 to Q2 2025,2023-01-01,2025-06-30,Google,TPU v5p,665902,483907,866738,308892,224470,402054,0.4638706417382516,540.0,Estimates generated on: 09-30-2026 14:07,359587080,261309780,468038520,,,117663854
TPU v5e Q1 2023 to Q2 2025,2023-01-01,2025-06-30,Google,TPU v5e,2368144,1735597,3119359,470278,344663,619458,0.1985851440121273,225.0,Estimates generated on: 09-30-2026 14:07,532832400,390509325,701855775,,225.0,120031998
TPU v4 Q1 2023 to Q2 2025,2023-01-01,2025-06-30,Google,TPU v4,264153,192274,346210,36706,26718,48109,0.1389590702374936,340.0,Estimates generated on: 09-30-2026 14:07,89812020,65373160,117711400,,,120296151
TPU v4i Q1 2023 to Q2 2025,2023-01-01,2025-06-30,Google,TPU v4i,30217,18618,45932,2107,1298,3202,0.0697321879737241,175.0,Estimates generated on: 09-30-2026 14:07,5287975,3258150,8038100,,,120326368
TPU v4 Q1 2023 to Q3 2025,2023-01-01,2025-09-30,Google,TPU v4,264153,192274,346210,36706,26718,48109,0.1389590702374936,340.0,Estimates generated on: 09-30-2026 14:07,89812020,65373160,117711400,,,120590521
TPU v7 Q1 2023 to Q3 2025,2023-01-01,2025-09-30,Google,TPU v7,51286,23124,78735,119573,53913,183569,2.331480545730167,960.0,Estimates generated on: 09-30-2026 14:07,49234560,22199040,75585600,,,120641807
TPU v4i Q1 2023 to Q3 2025,2023-01-01,2025-09-30,Google,TPU v4i,30217,18618,45932,2107,1298,3202,0.0697321879737241,175.0,Estimates generated on: 09-30-2026 14:07,5287975,3258150,8038100,,,120672024
TPU v5e Q1 2023 to Q3 2025,2023-01-01,2025-09-30,Google,TPU v5e,2368144,1735597,3119359,470278,344663,619458,0.1985851440121273,225.0,Estimates generated on: 09-30-2026 14:07,532832400,390509325,701855775,,225.0,123040168
TPU v6e Q1 2023 to Q3 2025,2023-01-01,2025-09-30,Google,TPU v6e,2028629,1564346,2487213,1882043,1451308,2307490,0.9277412834765032,380.0,Estimates generated on: 09-30-2026 14:07,770879020,594451480,945140940,,,125068797
TPU v5p Q1 2023 to Q3 2025,2023-01-01,2025-09-30,Google,TPU v5p,665902,483907,866738,308892,224470,402054,0.4638706417382516,540.0,Estimates generated on: 09-30-2026 14:07,359587080,261309780,468038520,,,125734699
TPU v4i Q1 2023 to Q4 2025,2023-01-01,2025-12-31,Google,TPU v4i,30217,18618,45932,2107,1298,3202,0.0697321879737241,175.0,Estimates generated on: 09-30-2026 14:07,5287975,3258150,8038100,,,125764916
TPU v4 Q1 2023 to Q4 2025,2023-01-01,2025-12-31,Google,TPU v4,264153,192274,346210,36706,26718,48109,0.1389590702374936,340.0,Estimates generated on: 09-30-2026 14:07,89812020,65373160,117711400,,,126029069
TPU v5e Q1 2023 to Q4 2025,2023-01-01,2025-12-31,Google,TPU v5e,2368144,1735597,3119359,470278,344663,619458,0.1985851440121273,225.0,Estimates generated on: 09-30-2026 14:07,532832400,390509325,701855775,,225.0,128397213
TPU v5p Q1 2023 to Q4 2025,2023-01-01,2025-12-31,Google,TPU v5p,665902,483907,866738,308892,224470,402054,0.4638706417382516,540.0,Estimates generated on: 09-30-2026 14:07,359587080,261309780,468038520,,,129063115
TPU v7 Q1 2023 to Q4 2025,2023-01-01,2025-12-31,Google,TPU v7,265024,189518,347990,617899,441858,811332,2.331480545730167,960.0,Estimates generated on: 09-30-2026 14:07,254423040,181937280,334070400,,,129328139
TPU v6e Q1 2023 to Q4 2025,2023-01-01,2025-12-31,Google,TPU v6e,2439318,1873343,3007052,2263056,1737977,2789767,0.9277412834765032,380.0,Estimates generated on: 09-30-2026 14:07,926940840,711870340,1142679760,,,131767457
TPU v6e Q1 2023 to Q1 2026,2023-01-01,2026-03-31,Google,TPU v6e,2597044,1987880,3207841,2409385,1844238,2976046,0.9277412834765032,380.0,Estimates generated on: 09-30-2026 14:07,986876720,755394400,1218979580,,,134364501
TPU v5p Q1 2023 to Q1 2026,2023-01-01,2026-03-31,Google,TPU v5p,665902,483907,866738,308892,224470,402054,0.4638706417382516,540.0,Estimates generated on: 09-30-2026 14:07,359587080,261309780,468038520,,,135030403
TPU v5e Q1 2023 to Q1 2026,2023-01-01,2026-03-31,Google,TPU v5e,2368144,1735597,3119359,470278,344663,619458,0.1985851440121273,225.0,Estimates generated on: 09-30-2026 14:07,532832400,390509325,701855775,,225.0,137398547
TPU v4 Q1 2023 to Q1 2026,2023-01-01,2026-03-31,Google,TPU v4,264153,192274,346210,36706,26718,48109,0.1389590702374936,340.0,Estimates generated on: 09-30-2026 14:07,89812020,65373160,117711400,,,137662700
TPU v4i Q1 2023 to Q1 2026,2023-01-01,2026-03-31,Google,TPU v4i,30217,18618,45932,2107,1298,3202,0.0697321879737241,175.0,Estimates generated on: 09-30-2026 14:07,5287975,3258150,8038100,,,137692917
TPU v7 Q1 2023 to Q1 2026,2023-01-01,2026-03-31,Google,TPU v7,600962,451253,758926,1401132,1052089,1769422,2.331480545730167,960.0,Estimates generated on: 09-30-2026 14:07,576923520,433202880,728568960,,,138293879
TPU v5e Q1 2023 to Q2 2026,2023-01-01,2026-06-30,Google,TPU v5e,2368144,1735597,3119359,470278,344663,619458,0.1985851440121273,225.0,Estimates generated on: 09-30-2026 14:07,532832400,390509325,701855775,,225.0,140662023
TPU v4i Q1 2023 to Q2 2026,2023-01-01,2026-06-30,Google,TPU v4i,30217,18618,45932,2107,1298,3202,0.0697321879737241,175.0,Estimates generated on: 09-30-2026 14:07,5287975,3258150,8038100,,,140692240
TPU v6e Q1 2023 to Q2 2026,2023-01-01,2026-06-30,Google,TPU v6e,2637350,2014207,3263484,2446779,1868663,3027669,0.9277412834765032,380.0,Estimates generated on: 09-30-2026 14:07,1002193000,765398660,1240123920,,,143329590
TPU v7 Q1 2023 to Q2 2026,2023-01-01,2026-06-30,Google,TPU v7,1220429,935721,1509029,2845408,2181615,3518273,2.331480545730167,960.0,Estimates generated on: 09-30-2026 14:07,1171611840,898292160,1448667840,,,144550019
TPU v4 Q1 2023 to Q2 2026,2023-01-01,2026-06-30,Google,TPU v4,264153,192274,346210,36706,26718,48109,0.1389590702374936,340.0,Estimates generated on: 09-30-2026 14:07,89812020,65373160,117711400,,,144814172
TPU v5p Q1 2023 to Q2 2026,2023-01-01,2026-06-30,Google,TPU v5p,665902,483907,866738,308892,224470,402054,0.4638706417382516,540.0,Estimates generated on: 09-30-2026 14:07,359587080,261309780,468038520,,,145480074
TPU v8i Q1 2023 to Q2 2026,2023-01-01,2026-06-30,Google,TPU v8i,25654,7344,45979,130928,37480,234658,5.103587670540677,,Estimates generated on: 09-30-2026 14:07,0,0,0,,,145505728
TPU v6e Q1 2023 to Q3 2026,2023-01-01,2026-09-30,Google,TPU v6e,2637350,2014207,3263484,2446779,1868663,3027669,0.9277412834765032,380.0,Incomplete: based on Broadcom fiscal quarters ending 8/2/2026. Estimates generated on: 09-30-2026 14:07,1002193000,765398660,1240123920,True,,148143078
TPU v7 Q1 2023 to Q3 2026,2023-01-01,2026-09-30,Google,TPU v7,1495964,1146394,1844840,3487812,2672796,4301210,2.331480545730167,960.0,Incomplete: based on Broadcom fiscal quarters ending 8/2/2026. Estimates generated on: 09-30-2026 14:07,1436125440,1100538240,1771046400,True,,149639042
TPU v5e Q1 2023 to Q3 2026,2023-01-01,2026-09-30,Google,TPU v5e,2368144,1735597,3119359,470278,344663,619458,0.1985851440121273,225.0,Incomplete: based on Broadcom fiscal quarters ending 8/2/2026. Estimates generated on: 09-30-2026 14:07,532832400,390509325,701855775,True,225.0,152007186
TPU v4i Q1 2023 to Q3 2026,2023-01-01,2026-09-30,Google,TPU v4i,30217,18618,45932,2107,1298,3202,0.0697321879737241,175.0,Incomplete: based on Broadcom fiscal quarters ending 8/2/2026. Estimates generated on: 09-30-2026 14:07,5287975,3258150,8038100,True,,152037403
TPU v5p Q1 2023 to Q3 2026,2023-01-01,2026-09-30,Google,TPU v5p,665902,483907,866738,308892,224470,402054,0.4638706417382516,540.0,Incomplete: based on Broadcom fiscal quarters ending 8/2/2026. Estimates generated on: 09-30-2026 14:07,359587080,261309780,468038520,True,,152703305
TPU v8i Q1 2023 to Q3 2026,2023-01-01,2026-09-30,Google,TPU v8i,40250,11522,72139,205421,58806,368171,5.103587670540677,,Incomplete: based on Broadcom fiscal quarters ending 8/2/2026. Estimates generated on: 09-30-2026 14:07,0,0,0,True,,152743555
TPU v4 Q1 2023 to Q3 2026,2023-01-01,2026-09-30,Google,TPU v4,264153,192274,346210,36706,26718,48109,0.1389590702374936,340.0,Incomplete: based on Broadcom fiscal quarters ending 8/2/2026. Estimates generated on: 09-30-2026 14:07,89812020,65373160,117711400,True,,153007708
MI300X Q1 2024 to Q1 2024,2024-01-01,2024-03-31,AMD,MI300X,34535,25001,47707,45632,33034,63037,0.0,,Estimates generated on: 08-27-2026 16:14,0,0,0,,,153042243
MI250X Q1 2024 to Q1 2024,2024-01-01,2024-03-31,AMD,MI250X,30379,20431,42785,5879,3954,8280,0.0,,Estimates generated on: 08-27-2026 16:14,0,0,0,,,153072622
MI300A Q1 2024 to Q1 2024,2024-01-01,2024-03-31,AMD,MI300A,3562,1119,6350,3530,1109,6293,0.0,,Estimates generated on: 08-27-2026 16:14,0,0,0,,,153076184
Ascend 910C Q1 2024 to Q1 2024,2024-01-01,2024-03-31,Huawei,Ascend 910C,12500,6250,25000,9649,4877,18995,0.7599797877716018,700.0,Confidence intervals in units are relatively unprincipled due to lack of revenue model. Don't take them too literally. H100e conversion incorporates some uncertainty over average chip specifications. See methodology,8750000,4375000,17500000,,,153088684
Ascend 910B Q1 2024 to Q1 2024,2024-01-01,2024-03-31,Huawei,Ascend 910B,100000,87500,125000,35379,27363,45991,0.1899949469429004,400.0,Confidence intervals in units are relatively unprincipled due to lack of revenue model. Don't take them too literally. H100e conversion incorporates some uncertainty over average chip specifications. See methodology,40000000,35000000,50000000,,,153188684
Trainium1 Q1 2024 to Q1 2024,2024-01-01,2024-03-31,Amazon,Trainium1,110000,50000,250000,23345,10611,53057,0.2122283981808994,,Estimates generated on: 03-19-2026 16:00,33000000,15000000,75000000,,300.0,153298684
Trainium2 Q1 2024 to Q1 2024,2024-01-01,2024-03-31,Amazon,Trainium2,15000,5000,25000,9845,3281,16409,0.6563921172309247,500.0,Estimates generated on: 03-19-2026 16:00,7500000,2500000,12500000,,,153313684
Siyuan 590 Q1 2024 to Q1 2024,2024-01-01,2024-03-31,Cambricon,Siyuan 590,547,525,591,142,136,153,0.2587165234967155,200.0,Cambricon methodology: https://docs.google.com/document/d/1LmVwqNAxL33wipBo7boVf5TRJusubmiLmACy2m0E2ew/edit?usp=sharing; quarterly allocation proportional to reported quarterly revenue,109400,105000,118200,,,153314231
MI300X Q1 2024 to Q2 2024,2024-01-01,2024-06-30,AMD,MI300X,115233,90999,145920,152260,120239,192808,0.0,,Estimates generated on: 08-27-2026 16:14,0,0,0,,,153429464
MI250X Q1 2024 to Q2 2024,2024-01-01,2024-06-30,AMD,MI250X,36940,25303,51422,7149,4897,9951,0.0,,Estimates generated on: 08-27-2026 16:14,0,0,0,,,153466404
MI300A Q1 2024 to Q2 2024,2024-01-01,2024-06-30,AMD,MI300A,14405,6917,22114,14275,6855,21915,0.0,,Estimates generated on: 08-27-2026 16:14,0,0,0,,,153480809
Ascend 910C Q1 2024 to Q2 2024,2024-01-01,2024-06-30,Huawei,Ascend 910C,25000,12500,50000,19298,9754,37990,0.7599797877716018,700.0,Confidence intervals in units are relatively unprincipled due to lack of revenue model. Don't take them too literally. H100e conversion incorporates some uncertainty over average chip specifications. See methodology,17500000,8750000,35000000,,,153505809
Ascend 910B Q1 2024 to Q2 2024,2024-01-01,2024-06-30,Huawei,Ascend 910B,200000,175000,250000,70758,54726,91982,0.1899949469429004,400.0,Confidence intervals in units are relatively unprincipled due to lack of revenue model. Don't take them too literally. H100e conversion incorporates some uncertainty over average chip specifications. See methodology,80000000,70000000,100000000,,,153705809
Trainium2 Q1 2024 to Q2 2024,2024-01-01,2024-06-30,Amazon,Trainium2,45000,25000,70000,29537,16409,45947,0.6563921172309247,500.0,Estimates generated on: 03-19-2026 16:00,22500000,12500000,35000000,,,153750809
Trainium1 Q1 2024 to Q2 2024,2024-01-01,2024-06-30,Amazon,Trainium1,225000,100000,500000,47751,21222,106114,0.2122283981808994,,Estimates generated on: 03-19-2026 16:00,67500000,30000000,150000000,,300.0,153975809
Siyuan 590 Q1 2024 to Q2 2024,2024-01-01,2024-06-30,Cambricon,Siyuan 590,1379,1324,1490,357,343,386,0.2587165234967155,200.0,Cambricon methodology: https://docs.google.com/document/d/1LmVwqNAxL33wipBo7boVf5TRJusubmiLmACy2m0E2ew/edit?usp=sharing; quarterly allocation proportional to reported quarterly revenue,275800,264800,298000,,,153977188
MI300X Q1 2024 to Q3 2024,2024-01-01,2024-09-30,AMD,MI300X,210610,168973,259997,278284,223268,343540,0.0,,Estimates generated on: 08-27-2026 16:14,0,0,0,,,154187798
MI250X Q1 2024 to Q3 2024,2024-01-01,2024-09-30,AMD,MI250X,41432,28783,57310,8018,5570,11091,0.0,,Estimates generated on: 08-27-2026 16:14,0,0,0,,,154229230
MI300A Q1 2024 to Q3 2024,2024-01-01,2024-09-30,AMD,MI300A,57693,44152,72337,57174,43755,71687,0.0,,Estimates generated on: 08-27-2026 16:14,0,0,0,,,154286923
Ascend 910C Q1 2024 to Q3 2024,2024-01-01,2024-09-30,Huawei,Ascend 910C,37500,18750,75000,28947,14631,56985,0.7599797877716018,700.0,Confidence intervals in units are relatively unprincipled due to lack of revenue model. Don't take them too literally. H100e conversion incorporates some uncertainty over average chip specifications. See methodology,26250000,13125000,52500000,,,154324423
Ascend 910B Q1 2024 to Q3 2024,2024-01-01,2024-09-30,Huawei,Ascend 910B,300000,262500,375000,106137,82089,137973,0.1899949469429004,400.0,Confidence intervals in units are relatively unprincipled due to lack of revenue model. Don't take them too literally. H100e conversion incorporates some uncertainty over average chip specifications. See methodology,120000000,105000000,150000000,,,154624423
Trainium1 Q1 2024 to Q3 2024,2024-01-01,2024-09-30,Amazon,Trainium1,335000,150000,750000,71096,31834,159171,0.2122283981808994,,Estimates generated on: 03-19-2026 16:00,100500000,45000000,225000000,,300.0,154959423
Trainium2 Q1 2024 to Q3 2024,2024-01-01,2024-09-30,Amazon,Trainium2,120000,80000,175000,78767,52511,114868,0.6563921172309247,500.0,Estimates generated on: 03-19-2026 16:00,60000000,40000000,87500000,,,155079423
Siyuan 590 Q1 2024 to Q3 2024,2024-01-01,2024-09-30,Cambricon,Siyuan 590,3944,3786,4260,1021,980,1103,0.2587165234967155,200.0,Cambricon methodology: https://docs.google.com/document/d/1LmVwqNAxL33wipBo7boVf5TRJusubmiLmACy2m0E2ew/edit?usp=sharing; quarterly allocation proportional to reported quarterly revenue,788800,757200,852000,,,155083367
MI300X Q1 2024 to Q4 2024,2024-01-01,2024-12-31,AMD,MI300X,326665,262588,400319,431631,346964,528951,0.0,,Estimates generated on: 08-27-2026 16:14,0,0,0,,,155410032
MI300A Q1 2024 to Q4 2024,2024-01-01,2024-12-31,AMD,MI300A,110148,89654,132598,109157,88847,131405,0.0,,Estimates generated on: 08-27-2026 16:14,0,0,0,,,155520180
MI250X Q1 2024 to Q4 2024,2024-01-01,2024-12-31,AMD,MI250X,45023,31815,61621,8713,6157,11925,0.0,,Estimates generated on: 08-27-2026 16:14,0,0,0,,,155565203
Ascend 910C Q1 2024 to Q4 2024,2024-01-01,2024-12-31,Huawei,Ascend 910C,50000,25000,100000,38596,19508,75980,0.7599797877716018,700.0,Confidence intervals in units are relatively unprincipled due to lack of revenue model. Don't take them too literally. H100e conversion incorporates some uncertainty over average chip specifications. See methodology,35000000,17500000,70000000,,,155615203
Ascend 910B Q1 2024 to Q4 2024,2024-01-01,2024-12-31,Huawei,Ascend 910B,400000,350000,500000,141516,109452,183964,0.1899949469429004,400.0,Confidence intervals in units are relatively unprincipled due to lack of revenue model. Don't take them too literally. H100e conversion incorporates some uncertainty over average chip specifications. See methodology,160000000,140000000,200000000,,,156015203
Trainium2 Q1 2024 to Q4 2024,2024-01-01,2024-12-31,Amazon,Trainium2,315000,210000,430000,206763,137842,282248,0.6563921172309247,500.0,Estimates generated on: 03-19-2026 16:00,157500000,105000000,215000000,,,156330203
Trainium1 Q1 2024 to Q4 2024,2024-01-01,2024-12-31,Amazon,Trainium1,445000,200000,1000000,94441,42445,212228,0.2122283981808994,,Estimates generated on: 03-19-2026 16:00,133500000,60000000,300000000,,300.0,156775203
Siyuan 590 Q1 2024 to Q4 2024,2024-01-01,2024-12-31,Cambricon,Siyuan 590,25000,24000,27000,6468,6209,6985,0.2587165234967155,200.0,Cambricon methodology: https://docs.google.com/document/d/1LmVwqNAxL33wipBo7boVf5TRJusubmiLmACy2m0E2ew/edit?usp=sharing; quarterly allocation proportional to reported quarterly revenue,5000000,4800000,5400000,,,156800203
MI300A Q1 2024 to Q1 2025,2024-01-01,2025-03-31,AMD,MI300A,114813,94212,137640,113781,93364,136402,0.0,,Estimates generated on: 08-27-2026 16:14,0,0,0,,,156915016
MI300X Q1 2024 to Q1 2025,2024-01-01,2025-03-31,AMD,MI300X,412547,330206,506963,545108,436309,669862,0.0,,Estimates generated on: 08-27-2026 16:14,0,0,0,,,157327563
MI325X Q1 2024 to Q1 2025,2024-01-01,2025-03-31,AMD,MI325X,32505,19778,52008,42704,25984,68328,0.0,,Estimates generated on: 08-27-2026 16:14,0,0,0,,,157360068
MI250X Q1 2024 to Q1 2025,2024-01-01,2025-03-31,AMD,MI250X,45023,31815,61621,8713,6157,11925,0.0,,Estimates generated on: 08-27-2026 16:14,0,0,0,,,157405091
Ascend 910B Q1 2024 to Q1 2025,2024-01-01,2025-03-31,Huawei,Ascend 910B,450000,387500,566500,158333,121399,207847,0.1899949469429004,400.0,Confidence intervals in units are relatively unprincipled due to lack of revenue model. Don't take them too literally. H100e conversion incorporates some uncertainty over average chip specifications. See methodology,180000000,155000000,226600000,,,157855091
Ascend 910C Q1 2024 to Q1 2025,2024-01-01,2025-03-31,Huawei,Ascend 910C,200000,150000,275000,153743,116707,211991,0.7599797877716018,700.0,Confidence intervals in units are relatively unprincipled due to lack of revenue model. Don't take them too literally. H100e conversion incorporates some uncertainty over average chip specifications. See methodology,140000000,105000000,192500000,,,158055091
Trainium1 Q1 2024 to Q1 2025,2024-01-01,2025-03-31,Amazon,Trainium1,445000,200000,1000000,94441,42445,212228,0.2122283981808994,,Estimates generated on: 03-19-2026 16:00,133500000,60000000,300000000,,300.0,158500091
Trainium2 Q1 2024 to Q1 2025,2024-01-01,2025-03-31,Amazon,Trainium2,525000,430000,630000,344605,282248,413527,0.6563921172309247,500.0,Estimates generated on: 03-19-2026 16:00,262500000,215000000,315000000,,,159025091
Siyuan 590 Q1 2024 to Q1 2025,2024-01-01,2025-03-31,Cambricon,Siyuan 590,43817,41106,52659,11337,10634,13623,0.2587165234967155,200.0,Cambricon methodology: https://docs.google.com/document/d/1LmVwqNAxL33wipBo7boVf5TRJusubmiLmACy2m0E2ew/edit?usp=sharing; quarterly allocation proportional to reported quarterly revenue,8763400,8221200,10531800,,,159068908
MI250X Q1 2024 to Q2 2025,2024-01-01,2025-06-30,AMD,MI250X,45023,31815,61621,8713,6157,11925,0.0,,Estimates generated on: 08-27-2026 16:14,0,0,0,,,159113931
MI300A Q1 2024 to Q2 2025,2024-01-01,2025-06-30,AMD,MI300A,114813,94212,137640,113781,93364,136402,0.0,,Estimates generated on: 08-27-2026 16:14,0,0,0,,,159228744
MI325X Q1 2024 to Q2 2025,2024-01-01,2025-06-30,AMD,MI325X,59449,38619,90850,78105,50737,119358,0.0,,Estimates generated on: 08-27-2026 16:14,0,0,0,,,159288193
MI350X Q1 2024 to Q2 2025,2024-01-01,2025-06-30,AMD,MI350X,4080,1659,7018,9513,3869,16362,0.0,,Estimates generated on: 08-27-2026 16:14,0,0,0,,,159292273
MI300X Q1 2024 to Q2 2025,2024-01-01,2025-06-30,AMD,MI300X,458975,368110,563938,606455,486392,745145,0.0,,Estimates generated on: 08-27-2026 16:14,0,0,0,,,159751248
Ascend 910C Q1 2024 to Q2 2025,2024-01-01,2025-06-30,Huawei,Ascend 910C,350000,275000,450000,268890,213906,348002,0.7599797877716018,700.0,Confidence intervals in units are relatively unprincipled due to lack of revenue model. Don't take them too literally. H100e conversion incorporates some uncertainty over average chip specifications. See methodology,245000000,192500000,315000000,,,160101248
Ascend 910B Q1 2024 to Q2 2025,2024-01-01,2025-06-30,Huawei,Ascend 910B,500000,425000,633000,175150,133346,231730,0.1899949469429004,400.0,Confidence intervals in units are relatively unprincipled due to lack of revenue model. Don't take them too literally. H100e conversion incorporates some uncertainty over average chip specifications. See methodology,200000000,170000000,253200000,,,160601248
Trainium2 Q1 2024 to Q2 2025,2024-01-01,2025-06-30,Amazon,Trainium2,775000,675000,880000,508703,443064,577625,0.6563921172309247,500.0,Estimates generated on: 03-19-2026 16:00,387500000,337500000,440000000,,,161376248
Trainium1 Q1 2024 to Q2 2025,2024-01-01,2025-06-30,Amazon,Trainium1,445000,200000,1000000,94441,42445,212228,0.2122283981808994,,Estimates generated on: 03-19-2026 16:00,133500000,60000000,300000000,,300.0,161821248
Siyuan 590 Q1 2024 to Q2 2025,2024-01-01,2025-06-30,Cambricon,Siyuan 590,73770,68336,93504,19086,17678,24190,0.2587165234967155,200.0,Cambricon methodology: https://docs.google.com/document/d/1LmVwqNAxL33wipBo7boVf5TRJusubmiLmACy2m0E2ew/edit?usp=sharing; quarterly allocation proportional to reported quarterly revenue,14754000,13667200,18700800,,,161895018
MI250X Q1 2024 to Q3 2025,2024-01-01,2025-09-30,AMD,MI250X,45023,31815,61621,8713,6157,11925,0.0,,Estimates generated on: 08-27-2026 16:14,0,0,0,,,161940041
MI325X Q1 2024 to Q3 2025,2024-01-01,2025-09-30,AMD,MI325X,79070,51465,120708,103882,67615,158586,0.0,,Estimates generated on: 08-27-2026 16:14,0,0,0,,,162019111
MI355X Q1 2024 to Q3 2025,2024-01-01,2025-09-30,AMD,MI355X,12411,8145,17503,31566,20716,44515,0.0,,Estimates generated on: 08-27-2026 16:14,0,0,0,,,162031522
MI300A Q1 2024 to Q3 2025,2024-01-01,2025-09-30,AMD,MI300A,114813,94212,137640,113781,93364,136402,0.0,,Estimates generated on: 08-27-2026 16:14,0,0,0,,,162146335
MI300X Q1 2024 to Q3 2025,2024-01-01,2025-09-30,AMD,MI300X,505329,404401,620465,667704,534344,819835,0.0,,Estimates generated on: 08-27-2026 16:14,0,0,0,,,162651664
MI350X Q1 2024 to Q3 2025,2024-01-01,2025-09-30,AMD,MI350X,40386,31241,51363,94160,72839,119754,0.0,,Estimates generated on: 08-27-2026 16:14,0,0,0,,,162692050
Ascend 910B Q1 2024 to Q3 2025,2024-01-01,2025-09-30,Huawei,Ascend 910B,550000,462500,699500,191967,145293,255613,0.1899949469429004,400.0,Confidence intervals in units are relatively unprincipled due to lack of revenue model. Don't take them too literally. H100e conversion incorporates some uncertainty over average chip specifications. See methodology,220000000,185000000,279800000,,,163242050
Ascend 910C Q1 2024 to Q3 2025,2024-01-01,2025-09-30,Huawei,Ascend 910C,500000,400000,625000,384037,311105,484013,0.7599797877716018,700.0,Confidence intervals in units are relatively unprincipled due to lack of revenue model. Don't take them too literally. H100e conversion incorporates some uncertainty over average chip specifications. See methodology,350000000,280000000,437500000,,,163742050
Trainium2 Q1 2024 to Q3 2025,2024-01-01,2025-09-30,Amazon,Trainium2,1065000,950000,1180000,699057,623572,774542,0.6563921172309247,500.0,Estimates generated on: 03-19-2026 16:00,532500000,475000000,590000000,,,164807050
Trainium1 Q1 2024 to Q3 2025,2024-01-01,2025-09-30,Amazon,Trainium1,445000,200000,1000000,94441,42445,212228,0.2122283981808994,,Estimates generated on: 03-19-2026 16:00,133500000,60000000,300000000,,300.0,165252050
Siyuan 590 Q1 2024 to Q3 2025,2024-01-01,2025-09-30,Cambricon,Siyuan 590,103005,94914,133370,26649,24555,34503,0.2587165234967155,200.0,Cambricon methodology: https://docs.google.com/document/d/1LmVwqNAxL33wipBo7boVf5TRJusubmiLmACy2m0E2ew/edit?usp=sharing; quarterly allocation proportional to reported quarterly revenue,20601000,18982800,26674000,,,165355055
Ascend 910C Q1 2024 to Q4 2025,2024-01-01,2025-12-31,Huawei,Ascend 910C,650000,525000,800000,499184,408304,620024,0.7599797877716018,700.0,Confidence intervals in units are relatively unprincipled due to lack of revenue model. Don't take them too literally. H100e conversion incorporates some uncertainty over average chip specifications. See methodology,455000000,367500000,560000000,,,166005055
Ascend 910B Q1 2024 to Q4 2025,2024-01-01,2025-12-31,Huawei,Ascend 910B,600000,500000,766000,208784,157240,279496,0.1899949469429004,400.0,Confidence intervals in units are relatively unprincipled due to lack of revenue model. Don't take them too literally. H100e conversion incorporates some uncertainty over average chip specifications. See methodology,240000000,200000000,306400000,,,166605055
Trainium1 Q1 2024 to Q4 2025,2024-01-01,2025-12-31,Amazon,Trainium1,445000,200000,1000000,94441,42445,212228,0.2122283981808994,,Estimates generated on: 03-19-2026 16:00,133500000,60000000,300000000,,300.0,167050055
Trainium2 Q1 2024 to Q4 2025,2024-01-01,2025-12-31,Amazon,Trainium2,1400000,1260000,1540000,918948,827054,1010843,0.6563921172309247,500.0,Estimates generated on: 03-19-2026 16:00,700000000,630000000,770000000,,,168450055
MI325X Q1 2024 to Q4 2025,2024-01-01,2025-12-31,AMD,MI325X,92355,61444,139696,121335,80725,183532,0.0,,Estimates generated on: 08-27-2026 16:14,0,0,0,,,168542410
MI308X Q1 2024 to Q4 2025,2024-01-01,2025-12-31,AMD,MI308X,31783,25910,39001,10498,8558,12883,0.0,,Estimates generated on: 08-27-2026 16:14,0,0,0,,,168574193
MI250X Q1 2024 to Q4 2025,2024-01-01,2025-12-31,AMD,MI250X,45023,31815,61621,8713,6157,11925,0.0,,Estimates generated on: 08-27-2026 16:14,0,0,0,,,168619216
MI350X Q1 2024 to Q4 2025,2024-01-01,2025-12-31,AMD,MI350X,75851,61428,92580,176847,143219,215848,0.0,,Estimates generated on: 08-27-2026 16:14,0,0,0,,,168695067
MI355X Q1 2024 to Q4 2025,2024-01-01,2025-12-31,AMD,MI355X,49693,38487,62765,126385,97886,159631,0.0,,Estimates generated on: 08-27-2026 16:14,0,0,0,,,168744760
MI300X Q1 2024 to Q4 2025,2024-01-01,2025-12-31,AMD,MI300X,516611,414407,632846,682611,547567,836195,0.0,,Estimates generated on: 08-27-2026 16:14,0,0,0,,,169261371
MI300A Q1 2024 to Q4 2025,2024-01-01,2025-12-31,AMD,MI300A,114813,94212,137640,113781,93364,136402,0.0,,Estimates generated on: 08-27-2026 16:14,0,0,0,,,169376184
Siyuan 590 Q1 2024 to Q4 2025,2024-01-01,2025-12-31,Cambricon,Siyuan 590,135000,124000,177000,34926,32080,45790,0.2587165234967155,200.0,Cambricon methodology: https://docs.google.com/document/d/1LmVwqNAxL33wipBo7boVf5TRJusubmiLmACy2m0E2ew/edit?usp=sharing; quarterly allocation proportional to reported quarterly revenue,27000000,24800000,35400000,,,169511184
MI250X Q1 2024 to Q1 2026,2024-01-01,2026-03-31,AMD,MI250X,45023,31815,61621,8713,6157,11925,0.0,,Estimates generated on: 08-27-2026 16:14,0,0,0,,,169556207
MI300A Q1 2024 to Q1 2026,2024-01-01,2026-03-31,AMD,MI300A,114813,94212,137640,113781,93364,136402,0.0,,Estimates generated on: 08-27-2026 16:14,0,0,0,,,169671020
MI308X Q1 2024 to Q1 2026,2024-01-01,2026-03-31,AMD,MI308X,31783,25910,39001,10498,8558,12883,0.0,,Estimates generated on: 08-27-2026 16:14,0,0,0,,,169702803
MI300X Q1 2024 to Q1 2026,2024-01-01,2026-03-31,AMD,MI300X,532242,427486,653069,703264,564848,862915,0.0,,Estimates generated on: 08-27-2026 16:14,0,0,0,,,170235045
MI325X Q1 2024 to Q1 2026,2024-01-01,2026-03-31,AMD,MI325X,105842,71276,158927,139055,93642,208798,0.0,,Estimates generated on: 08-27-2026 16:14,0,0,0,,,170340887
MI350X Q1 2024 to Q1 2026,2024-01-01,2026-03-31,AMD,MI350X,108292,90334,129064,252481,210613,300910,0.0,,Estimates generated on: 08-27-2026 16:14,0,0,0,,,170449179
MI355X Q1 2024 to Q1 2026,2024-01-01,2026-03-31,AMD,MI355X,95509,78420,114053,242910,199447,290072,0.0,,Estimates generated on: 08-27-2026 16:14,0,0,0,,,170544688
Ascend 910B Q1 2024 to Q1 2026,2024-01-01,2026-03-31,Huawei,Ascend 910B,600000,500000,766000,208781,157237,279495,0.1899949469429004,400.0,Confidence intervals in units are relatively unprincipled due to lack of revenue model. Don't take them too literally. H100e conversion incorporates some uncertainty over average chip specifications. See methodology,240000000,200000000,306400000,,,171144688
Ascend 910C Q1 2024 to Q1 2026,2024-01-01,2026-03-31,Huawei,Ascend 910C,906783,608000,1267000,701601,473301,988024,0.7599797877716018,700.0,Estimates generated on: 10-01-2026 17:15; H1 2026 update. See methodology: https://docs.google.com/document/d/1nPlAAB0HioI9LSk6u-LGEnVBvSAoc50MGXmMxOLv0fk/edit?usp=sharing,634748100,425600000,886900000,,,172051471
Siyuan 590 Q1 2024 to Q1 2026,2024-01-01,2026-03-31,Cambricon,Siyuan 590,182922,167500,229800,47324,43380,59490,0.2587165234967155,200.0,Estimates generated on: 10-01-2026 17:15; Cambricon methodology: https://docs.google.com/document/d/1LmVwqNAxL33wipBo7boVf5TRJusubmiLmACy2m0E2ew/edit?usp=sharing; units from reported quarterly revenue and gross margin over estimated cost per chip,36584400,33500000,45960000,,,172234393
MI250X Q1 2024 to Q2 2026,2024-01-01,2026-06-30,AMD,MI250X,45023,31815,61621,8713,6157,11925,0.0,,Estimates generated on: 08-27-2026 16:14,0,0,0,,,172279416
MI325X Q1 2024 to Q2 2026,2024-01-01,2026-06-30,AMD,MI325X,120365,81420,178286,158135,106969,234231,0.0,,Estimates generated on: 08-27-2026 16:14,0,0,0,,,172399781
MI355X Q1 2024 to Q2 2026,2024-01-01,2026-06-30,AMD,MI355X,160406,138165,185835,407962,351396,472635,0.0,,Estimates generated on: 08-27-2026 16:14,0,0,0,,,172560187
MI308X Q1 2024 to Q2 2026,2024-01-01,2026-06-30,AMD,MI308X,31783,25910,39001,10498,8558,12883,0.0,,Estimates generated on: 08-27-2026 16:14,0,0,0,,,172591970
MI350X Q1 2024 to Q2 2026,2024-01-01,2026-06-30,AMD,MI350X,131566,110481,155605,306744,257585,362791,0.0,,Estimates generated on: 08-27-2026 16:14,0,0,0,,,172723536
MI300X Q1 2024 to Q2 2026,2024-01-01,2026-06-30,AMD,MI300X,549411,441530,673783,725950,583404,890286,0.0,,Estimates generated on: 08-27-2026 16:14,0,0,0,,,173272947
MI300A Q1 2024 to Q2 2026,2024-01-01,2026-06-30,AMD,MI300A,114813,94212,137640,113781,93364,136402,0.0,,Estimates generated on: 08-27-2026 16:14,0,0,0,,,173387760
Siyuan 590 Q1 2024 to Q2 2026,2024-01-01,2026-06-30,Cambricon,Siyuan 590,230717,210200,283200,59689,54480,73290,0.2587165234967155,200.0,Estimates generated on: 10-01-2026 17:15; Cambricon methodology: https://docs.google.com/document/d/1LmVwqNAxL33wipBo7boVf5TRJusubmiLmACy2m0E2ew/edit?usp=sharing; units from reported quarterly revenue and gross margin over estimated cost per chip,46143400,42040000,56640000,,,173618477
Ascend 910C Q1 2024 to Q2 2026,2024-01-01,2026-06-30,Huawei,Ascend 910C,1077971,663000,1578000,836545,517301,1233024,0.7599797877716018,700.0,Estimates generated on: 10-01-2026 17:15; H1 2026 update. See methodology: https://docs.google.com/document/d/1nPlAAB0HioI9LSk6u-LGEnVBvSAoc50MGXmMxOLv0fk/edit?usp=sharing,754579700,464100000,1104600000,,,174696448
Ascend 910B Q1 2024 to Q2 2026,2024-01-01,2026-06-30,Huawei,Ascend 910B,600000,500000,766000,208781,157237,279495,0.1899949469429004,400.0,Confidence intervals in units are relatively unprincipled due to lack of revenue model. Don't take them too literally. H100e conversion incorporates some uncertainty over average chip specifications. See methodology,240000000,200000000,306400000,,,175296448
