Name,Start date,End date,Chip manufacturer,Chip type,Number of units (median),Number of units (5th percentile),Number of units (95th percentile),H100e compute power (median),H100e compute power (5th percentile),H100e compute power (95th percentile),Chip H100e,Chip TDP (W),Notes,Total TDP (W) (median),Total TDP (W) (5th percentile),Total TDP (W) (95th percentile),Incomplete,Unofficial estimated TDP (W),installed_base_units
A100 Q1 2022 to Q1 2022,2022-01-01,2022-03-31,Nvidia,A100,212120,163481,276445,66883.0,51547.0,87166.0,0.315310763011622,400.0,Estimates generated on: 06-03-2026 17:56,84848000,65392400,110578000,,,212120
A100 Q1 2022 to Q2 2022,2022-01-01,2022-06-30,Nvidia,A100,438794,338178,571857,138356.0,106631.0,180312.0,0.315310763011622,400.0,Estimates generated on: 06-03-2026 17:56,175517600,135271200,228742800,,,650914
A100 Q1 2022 to Q3 2022,2022-01-01,2022-09-30,Nvidia,A100,654527,504444,853010,206379.0,159056.0,268963.0,0.315310763011622,400.0,Estimates generated on: 06-03-2026 17:56,261810800,201777600,341204000,,,1305441
H100 Q1 2022 to Q3 2022,2022-01-01,2022-09-30,Nvidia,H100,6119,5126,7199,6119.0,5126.0,7199.0,1.0,700.0,Estimates generated on: 06-03-2026 17:56,4283300,3588200,5039300,,,1311560
A100 Q1 2022 to Q4 2022,2022-01-01,2022-12-31,Nvidia,A100,768226,592072,1001188,242229.0,186686.0,315685.0,0.315310763011622,400.0,Estimates generated on: 06-03-2026 17:56,307290400,236828800,400475200,,,2079786
A800 Q1 2022 to Q4 2022,2022-01-01,2022-12-31,Nvidia,A800,28132,21517,36492,8870.0,6784.0,11506.0,0.315310763011622,400.0,Estimates generated on: 06-03-2026 17:56,11252800,8606800,14596800,,,2107918
H100 Q1 2022 to Q4 2022,2022-01-01,2022-12-31,Nvidia,H100,38600,32338,45418,38600.0,32338.0,45418.0,1.0,700.0,Estimates generated on: 06-03-2026 17:56,27020000,22636600,31792600,,,2146518
H100 Q1 2022 to Q1 2023,2022-01-01,2023-03-31,Nvidia,H100,95240,79790,112063,95240.0,79790.0,112063.0,1.0,700.0,Estimates generated on: 06-03-2026 17:56,66668000,55853000,78444100,,,2241758
A800 Q1 2022 to Q1 2023,2022-01-01,2023-03-31,Nvidia,A800,57439,43933,74508,18111.0,13852.0,23493.0,0.315310763011622,400.0,Estimates generated on: 06-03-2026 17:56,22975600,17573200,29803200,,,2299197
H800 Q1 2022 to Q1 2023,2022-01-01,2023-03-31,Nvidia,H800,7342,5923,9136,7342.0,5923.0,9136.0,1.0,700.0,Estimates generated on: 06-03-2026 17:56,5139400,4146100,6395200,,,2306539
A100 Q1 2022 to Q1 2023,2022-01-01,2023-03-31,Nvidia,A100,827250,637562,1078111,260840.0,201030.0,339940.0,0.315310763011622,400.0,Estimates generated on: 06-03-2026 17:56,330900000,255024800,431244400,,,3133789
H100 Q1 2022 to Q2 2023,2022-01-01,2023-06-30,Nvidia,H100,246654,206642,290222,246654.0,206642.0,290222.0,1.0,700.0,Estimates generated on: 06-03-2026 17:56,172657800,144649400,203155400,,,3380443
A100 Q1 2022 to Q2 2023,2022-01-01,2023-06-30,Nvidia,A100,891759,687279,1162182,281181.0,216706.0,366448.0,0.315310763011622,400.0,Estimates generated on: 06-03-2026 17:56,356703600,274911600,464872800,,,4272202
H800 Q1 2022 to Q2 2023,2022-01-01,2023-06-30,Nvidia,H800,39258,31670,48855,39258.0,31670.0,48855.0,1.0,700.0,Estimates generated on: 06-03-2026 17:56,27480600,22169000,34198500,,,4311460
A800 Q1 2022 to Q2 2023,2022-01-01,2023-06-30,Nvidia,A800,83825,64116,108736,26431.0,20216.0,34285.0,0.315310763011622,400.0,Estimates generated on: 06-03-2026 17:56,33530000,25646400,43494400,,,4395285
H100 Q1 2022 to Q3 2023,2022-01-01,2023-09-30,Nvidia,H100,506743,424539,596251,506743.0,424539.0,596251.0,1.0,700.0,Estimates generated on: 06-03-2026 17:56,354720100,297177300,417375700,,,4902028
A100 Q1 2022 to Q3 2023,2022-01-01,2023-09-30,Nvidia,A100,946712,729631,1233800,298508.0,230060.0,389030.0,0.315310763011622,400.0,Estimates generated on: 06-03-2026 17:56,378684800,291852400,493520000,,,5848740
H800 Q1 2022 to Q3 2023,2022-01-01,2023-09-30,Nvidia,H800,95592,77116,118960,95592.0,77116.0,118960.0,1.0,700.0,Estimates generated on: 06-03-2026 17:56,66914400,53981200,83272000,,,5944332
A800 Q1 2022 to Q3 2023,2022-01-01,2023-09-30,Nvidia,A800,112331,85919,145712,35419.0,27091.0,45944.0,0.315310763011622,400.0,Estimates generated on: 06-03-2026 17:56,44932400,34367600,58284800,,,6056663
A100 Q1 2022 to Q4 2023,2022-01-01,2023-12-31,Nvidia,A100,961830,741283,1253503,303275.0,233734.0,395242.0,0.315310763011622,400.0,Estimates generated on: 06-03-2026 17:56,384732000,296513200,501401200,,,7018493
A800 Q1 2022 to Q4 2023,2022-01-01,2023-12-31,Nvidia,A800,121421,92871,157504,38285.0,29283.0,49662.0,0.315310763011622,400.0,Estimates generated on: 06-03-2026 17:56,48568400,37148400,63001600,,,7139914
H100 Q1 2022 to Q4 2023,2022-01-01,2023-12-31,Nvidia,H100,930257,779351,1094572,930257.0,779351.0,1094572.0,1.0,700.0,Estimates generated on: 06-03-2026 17:56,651179900,545545700,766200400,,,8070171
H800 Q1 2022 to Q4 2023,2022-01-01,2023-12-31,Nvidia,H800,115430,93121,143648,115430.0,93121.0,143648.0,1.0,700.0,Estimates generated on: 06-03-2026 17:56,80801000,65184700,100553600,,,8185601
H800 Q1 2022 to Q1 2024,2022-01-01,2024-03-31,Nvidia,H800,115430,93121,143648,115430.0,93121.0,143648.0,1.0,700.0,Estimates generated on: 06-03-2026 17:56,80801000,65184700,100553600,,,8301031
A100 Q1 2022 to Q1 2024,2022-01-01,2024-03-31,Nvidia,A100,961830,741283,1253503,303275.0,233734.0,395242.0,0.315310763011622,400.0,Estimates generated on: 06-03-2026 17:56,384732000,296513200,501401200,,,9262861
H100 Q1 2022 to Q1 2024,2022-01-01,2024-03-31,Nvidia,H100,1482509,1242017,1744370,1482509.0,1242017.0,1744370.0,1.0,700.0,Estimates generated on: 06-03-2026 17:56,1037756300,869411900,1221059000,,,10745370
A800 Q1 2022 to Q1 2024,2022-01-01,2024-03-31,Nvidia,A800,121421,92871,157504,38285.0,29283.0,49662.0,0.315310763011622,400.0,Estimates generated on: 06-03-2026 17:56,48568400,37148400,63001600,,,10866791
H20 Q1 2022 to Q1 2024,2022-01-01,2024-03-31,Nvidia,H20,138719,106730,180461,20748.0,15963.0,26991.0,0.1495704901465386,400.0,Estimates generated on: 06-03-2026 17:56,55487600,42692000,72184400,,,11005510
H20 Q1 2022 to Q2 2024,2022-01-01,2024-06-30,Nvidia,H20,361784,278354,470647,54112.0,41633.0,70394.0,0.1495704901465386,400.0,Estimates generated on: 06-03-2026 17:56,144713600,111341600,188258800,,,11367294
H100 Q1 2022 to Q2 2024,2022-01-01,2024-06-30,Nvidia,H100,2133384,1787307,2510211,2133384.0,1787307.0,2510211.0,1.0,700.0,Estimates generated on: 06-03-2026 17:56,1493368800,1251114900,1757147700,,,13500678
A800 Q1 2022 to Q2 2024,2022-01-01,2024-06-30,Nvidia,A800,121421,92871,157504,38285.0,29283.0,49662.0,0.315310763011622,400.0,Estimates generated on: 06-03-2026 17:56,48568400,37148400,63001600,,,13622099
H800 Q1 2022 to Q2 2024,2022-01-01,2024-06-30,Nvidia,H800,115430,93121,143648,115430.0,93121.0,143648.0,1.0,700.0,Estimates generated on: 06-03-2026 17:56,80801000,65184700,100553600,,,13737529
A100 Q1 2022 to Q2 2024,2022-01-01,2024-06-30,Nvidia,A100,961830,741283,1253503,303275.0,233734.0,395242.0,0.315310763011622,400.0,Estimates generated on: 06-03-2026 17:56,384732000,296513200,501401200,,,14699359
H800 Q1 2022 to Q3 2024,2022-01-01,2024-09-30,Nvidia,H800,115430,93121,143648,115430.0,93121.0,143648.0,1.0,700.0,Estimates generated on: 06-03-2026 17:56,80801000,65184700,100553600,,,14814789
A100 Q1 2022 to Q3 2024,2022-01-01,2024-09-30,Nvidia,A100,961830,741283,1253503,303275.0,233734.0,395242.0,0.315310763011622,400.0,Estimates generated on: 06-03-2026 17:56,384732000,296513200,501401200,,,15776619
H100 Q1 2022 to Q3 2024,2022-01-01,2024-09-30,Nvidia,H100,2927767,2452825,3444909,2927767.0,2452825.0,3444909.0,1.0,700.0,Estimates generated on: 06-03-2026 17:56,2049436900,1716977500,2411436300,,,18704386
A800 Q1 2022 to Q3 2024,2022-01-01,2024-09-30,Nvidia,A800,121421,92871,157504,38285.0,29283.0,49662.0,0.315310763011622,400.0,Estimates generated on: 06-03-2026 17:56,48568400,37148400,63001600,,,18825807
H20 Q1 2022 to Q3 2024,2022-01-01,2024-09-30,Nvidia,H20,634031,487819,824815,94832.0,72963.0,123367.0,0.1495704901465386,400.0,Estimates generated on: 06-03-2026 17:56,253612400,195127600,329926000,,,19459838
H100 Q1 2022 to Q4 2024,2022-01-01,2024-12-31,Nvidia,H100,3608873,3023442,4246321,3608873.0,3023442.0,4246321.0,1.0,700.0,Estimates generated on: 06-03-2026 17:56,2526211100,2116409400,2972424700,,,23068711
A100 Q1 2022 to Q4 2024,2022-01-01,2024-12-31,Nvidia,A100,961830,741283,1253503,303275.0,233734.0,395242.0,0.315310763011622,400.0,Estimates generated on: 06-03-2026 17:56,384732000,296513200,501401200,,,24030541
B200 Q1 2022 to Q4 2024,2022-01-01,2024-12-31,Nvidia,B200,200737,171211,235124,507169.0,432569.0,594049.0,2.526528549772612,1200.0,Estimates generated on: 06-03-2026 17:56,240884400,205453200,282148800,,,24231278
H20 Q1 2022 to Q4 2024,2022-01-01,2024-12-31,Nvidia,H20,958411,737396,1246803,143350.0,110292.0,186484.0,0.1495704901465386,400.0,Estimates generated on: 06-03-2026 17:56,383364400,294958400,498721200,,,25189689
A800 Q1 2022 to Q4 2024,2022-01-01,2024-12-31,Nvidia,A800,121421,92871,157504,38285.0,29283.0,49662.0,0.315310763011622,400.0,Estimates generated on: 06-03-2026 17:56,48568400,37148400,63001600,,,25311110
H800 Q1 2022 to Q4 2024,2022-01-01,2024-12-31,Nvidia,H800,115430,93121,143648,115430.0,93121.0,143648.0,1.0,700.0,Estimates generated on: 06-03-2026 17:56,80801000,65184700,100553600,,,25426540
H800 Q1 2022 to Q1 2025,2022-01-01,2025-03-31,Nvidia,H800,115430,93121,143648,115430.0,93121.0,143648.0,1.0,700.0,Estimates generated on: 06-03-2026 17:56,80801000,65184700,100553600,,,25541970
A800 Q1 2022 to Q1 2025,2022-01-01,2025-03-31,Nvidia,A800,121421,92871,157504,38285.0,29283.0,49662.0,0.315310763011622,400.0,Estimates generated on: 06-03-2026 17:56,48568400,37148400,63001600,,,25663391
B200 Q1 2022 to Q1 2025,2022-01-01,2025-03-31,Nvidia,B200,720370,614410,843772,1820035.0,1552326.0,2131815.0,2.526528549772612,1200.0,Estimates generated on: 06-03-2026 17:56,864444000,737292000,1012526400,,,26383761
A100 Q1 2022 to Q1 2025,2022-01-01,2025-03-31,Nvidia,A100,961830,741283,1253503,303275.0,233734.0,395242.0,0.315310763011622,400.0,Estimates generated on: 06-03-2026 17:56,384732000,296513200,501401200,,,27345591
H100 Q1 2022 to Q1 2025,2022-01-01,2025-03-31,Nvidia,H100,3937891,3299088,4633456,3937891.0,3299088.0,4633456.0,1.0,700.0,Estimates generated on: 06-03-2026 17:56,2756523700,2309361600,3243419200,,,31283482
H20 Q1 2022 to Q1 2025,2022-01-01,2025-03-31,Nvidia,H20,1320088,1015668,1717311,197446.0,151914.0,256859.0,0.1495704901465386,400.0,Estimates generated on: 06-03-2026 17:56,528035200,406267200,686924400,,,32603570
H800 Q1 2022 to Q2 2025,2022-01-01,2025-06-30,Nvidia,H800,115430,93121,143648,115430.0,93121.0,143648.0,1.0,700.0,Estimates generated on: 06-03-2026 17:56,80801000,65184700,100553600,,,32719000
B300 Q1 2022 to Q2 2025,2022-01-01,2025-06-30,Nvidia,B300,215192,182304,252850,543689.0,460596.0,638833.0,2.526528549772612,1400.0,Estimates generated on: 06-03-2026 17:56,301268800,255225600,353990000,,,32934192
A800 Q1 2022 to Q2 2025,2022-01-01,2025-06-30,Nvidia,A800,121421,92871,157504,38285.0,29283.0,49662.0,0.315310763011622,400.0,Estimates generated on: 06-03-2026 17:56,48568400,37148400,63001600,,,33055613
H100 Q1 2022 to Q2 2025,2022-01-01,2025-06-30,Nvidia,H100,4166599,3490695,4902561,4166599.0,3490695.0,4902561.0,1.0,700.0,Estimates generated on: 06-03-2026 17:56,2916619300,2443486500,3431792700,,,37222212
B200 Q1 2022 to Q2 2025,2022-01-01,2025-06-30,Nvidia,B200,1154852,984985,1352684,2917769.0,2488594.0,3417596.0,2.526528549772612,1200.0,Estimates generated on: 06-03-2026 17:56,1385822400,1181982000,1623220800,,,38377064
H20 Q1 2022 to Q2 2025,2022-01-01,2025-06-30,Nvidia,H20,1472781,1133149,1915950,220284.0,169485.0,286569.0,0.1495704901465386,400.0,Estimates generated on: 06-03-2026 17:56,589112400,453259600,766380000,,,39849845
A100 Q1 2022 to Q2 2025,2022-01-01,2025-06-30,Nvidia,A100,961830,741283,1253503,303275.0,233734.0,395242.0,0.315310763011622,400.0,Estimates generated on: 06-03-2026 17:56,384732000,296513200,501401200,,,40811675
B200 Q1 2022 to Q3 2025,2022-01-01,2025-09-30,Nvidia,B200,1500941,1280168,1758059,3792171.0,3234381.0,4441788.0,2.526528549772612,1200.0,Estimates generated on: 06-03-2026 17:56,1801129200,1536201600,2109670800,,,42312616
B300 Q1 2022 to Q3 2025,2022-01-01,2025-09-30,Nvidia,B300,756967,641279,889434,1912499.0,1620210.0,2247182.0,2.526528549772612,1400.0,Estimates generated on: 06-03-2026 17:56,1059753800,897790600,1245207600,,,43069583
A800 Q1 2022 to Q3 2025,2022-01-01,2025-09-30,Nvidia,A800,121421,92871,157504,38285.0,29283.0,49662.0,0.315310763011622,400.0,Estimates generated on: 06-03-2026 17:56,48568400,37148400,63001600,,,43191004
H100 Q1 2022 to Q3 2025,2022-01-01,2025-09-30,Nvidia,H100,4293907,3597351,5052355,4293907.0,3597351.0,5052355.0,1.0,700.0,Estimates generated on: 06-03-2026 17:56,3005734900,2518145700,3536648500,,,47484911
A100 Q1 2022 to Q3 2025,2022-01-01,2025-09-30,Nvidia,A100,961830,741283,1253503,303275.0,233734.0,395242.0,0.315310763011622,400.0,Estimates generated on: 06-03-2026 17:56,384732000,296513200,501401200,,,48446741
H800 Q1 2022 to Q3 2025,2022-01-01,2025-09-30,Nvidia,H800,115430,93121,143648,115430.0,93121.0,143648.0,1.0,700.0,Estimates generated on: 06-03-2026 17:56,80801000,65184700,100553600,,,48562171
H20 Q1 2022 to Q3 2025,2022-01-01,2025-09-30,Nvidia,H20,1489899,1146319,1938218,222844.0,171455.0,289900.0,0.1495704901465386,400.0,Estimates generated on: 06-03-2026 17:56,595959600,458527600,775287200,,,50052070
H20 Q1 2022 to Q4 2025,2022-01-01,2025-12-31,Nvidia,H20,1489899,1146319,1938218,222844.0,171455.0,289900.0,0.1495704901465386,400.0,Estimates generated on: 06-03-2026 17:56,595959600,458527600,775287200,,,51541969
A800 Q1 2022 to Q4 2025,2022-01-01,2025-12-31,Nvidia,A800,121421,92871,157504,38285.0,29283.0,49662.0,0.315310763011622,400.0,Estimates generated on: 06-03-2026 17:56,48568400,37148400,63001600,,,51663390
H800 Q1 2022 to Q4 2025,2022-01-01,2025-12-31,Nvidia,H800,115430,93121,143648,115430.0,93121.0,143648.0,1.0,700.0,Estimates generated on: 06-03-2026 17:56,80801000,65184700,100553600,,,51778820
H100 Q1 2022 to Q4 2025,2022-01-01,2025-12-31,Nvidia,H100,4317291,3616942,5079871,4317291.0,3616942.0,5079871.0,1.0,700.0,Estimates generated on: 06-03-2026 17:56,3022103700,2531859400,3555909700,,,56096111
B300 Q1 2022 to Q4 2025,2022-01-01,2025-12-31,Nvidia,B300,1500692,1271339,1763309,3791541.0,3212076.0,4455050.0,2.526528549772612,1400.0,Estimates generated on: 06-03-2026 17:56,2100968800,1779874600,2468632600,,,57596803
B200 Q1 2022 to Q4 2025,2022-01-01,2025-12-31,Nvidia,B200,1918562,1636361,2247221,4847303.0,4134314.0,5677669.0,2.526528549772612,1200.0,Estimates generated on: 06-03-2026 17:56,2302274400,1963633200,2696665200,,,59515365
A100 Q1 2022 to Q4 2025,2022-01-01,2025-12-31,Nvidia,A100,961830,741283,1253503,303275.0,233734.0,395242.0,0.315310763011622,400.0,Estimates generated on: 06-03-2026 17:56,384732000,296513200,501401200,,,60477195
B200 Q1 2022 to Q1 2026,2022-01-01,2026-03-31,Nvidia,B200,2265853,1932568,2654003,5724742.0,4882690.0,6705416.0,2.526528549772612,1200.0,Estimates generated on: 06-03-2026 17:56,2719023600,2319081600,3184803600,,,62743048
H800 Q1 2022 to Q1 2026,2022-01-01,2026-03-31,Nvidia,H800,115430,93121,143648,115430.0,93121.0,143648.0,1.0,700.0,Estimates generated on: 06-03-2026 17:56,80801000,65184700,100553600,,,62858478
A100 Q1 2022 to Q1 2026,2022-01-01,2026-03-31,Nvidia,A100,961830,741283,1253503,303275.0,233734.0,395242.0,0.315310763011622,400.0,Estimates generated on: 06-03-2026 17:56,384732000,296513200,501401200,,,63820308
H20 Q1 2022 to Q1 2026,2022-01-01,2026-03-31,Nvidia,H20,1489899,1146319,1938218,222844.0,171455.0,289900.0,0.1495704901465386,400.0,Estimates generated on: 06-03-2026 17:56,595959600,458527600,775287200,,,65310207
A800 Q1 2022 to Q1 2026,2022-01-01,2026-03-31,Nvidia,A800,121421,92871,157504,38285.0,29283.0,49662.0,0.315310763011622,400.0,Estimates generated on: 06-03-2026 17:56,48568400,37148400,63001600,,,65431628
B300 Q1 2022 to Q1 2026,2022-01-01,2026-03-31,Nvidia,B300,2493566,2112472,2929933,6300067.0,5337221.0,7402561.0,2.526528549772612,1400.0,Estimates generated on: 06-03-2026 17:56,3490992400,2957460800,4101906200,,,67925194
H100 Q1 2022 to Q1 2026,2022-01-01,2026-03-31,Nvidia,H100,4317291,3616942,5079871,4317291.0,3616942.0,5079871.0,1.0,700.0,Estimates generated on: 06-03-2026 17:56,3022103700,2531859400,3555909700,,,72242485
H800 Q1 2022 to Q2 2026,2022-01-01,2026-06-30,Nvidia,H800,115430,93121,143648,115430.0,93121.0,143648.0,1.0,700.0,Incomplete: based on Nvidia fiscal quarters ending 4/26/2026. Estimates generated on: 06-03-2026 17:56,80801000,65184700,100553600,True,,72357915
B200 Q1 2022 to Q2 2026,2022-01-01,2026-06-30,Nvidia,B200,2356098,2009539,2759708,5952749.0,5077159.0,6972482.0,2.526528549772612,1200.0,Incomplete: based on Nvidia fiscal quarters ending 4/26/2026. Estimates generated on: 06-03-2026 17:56,2827317600,2411446800,3311649600,True,,74714013
B300 Q1 2022 to Q2 2026,2022-01-01,2026-06-30,Nvidia,B300,2805363,2376617,3296294,7087830.0,6004590.0,8328181.0,2.526528549772612,1400.0,Incomplete: based on Nvidia fiscal quarters ending 4/26/2026. Estimates generated on: 06-03-2026 17:56,3927508200,3327263800,4614811600,True,,77519376
A800 Q1 2022 to Q2 2026,2022-01-01,2026-06-30,Nvidia,A800,121421,92871,157504,38285.0,29283.0,49662.0,0.315310763011622,400.0,Incomplete: based on Nvidia fiscal quarters ending 4/26/2026. Estimates generated on: 06-03-2026 17:56,48568400,37148400,63001600,True,,77640797
H100 Q1 2022 to Q2 2026,2022-01-01,2026-06-30,Nvidia,H100,4317291,3616942,5079871,4317291.0,3616942.0,5079871.0,1.0,700.0,Incomplete: based on Nvidia fiscal quarters ending 4/26/2026. Estimates generated on: 06-03-2026 17:56,3022103700,2531859400,3555909700,True,,81958088
H20 Q1 2022 to Q2 2026,2022-01-01,2026-06-30,Nvidia,H20,1489899,1146319,1938218,222844.0,171455.0,289900.0,0.1495704901465386,400.0,Incomplete: based on Nvidia fiscal quarters ending 4/26/2026. Estimates generated on: 06-03-2026 17:56,595959600,458527600,775287200,True,,83447987
A100 Q1 2022 to Q2 2026,2022-01-01,2026-06-30,Nvidia,A100,961830,741283,1253503,303275.0,233734.0,395242.0,0.315310763011622,400.0,Incomplete: based on Nvidia fiscal quarters ending 4/26/2026. Estimates generated on: 06-03-2026 17:56,384732000,296513200,501401200,True,,84409817
TPU v4i Q1 2023 to Q1 2023,2023-01-01,2023-03-31,Google,TPU v4i,30240,18552,46065,2108.0,1293.0,3212.0,0.0697321879737241,175.0,Estimates generated on: 06-11-2026 12:02,5292000,3246600,8061375,,,84440057
TPU v4 Q1 2023 to Q1 2023,2023-01-01,2023-03-31,Google,TPU v4,185905,137135,242859,25833.0,19056.0,33747.0,0.1389590702374936,340.0,Estimates generated on: 06-11-2026 12:02,63207700,46625900,82572060,,,84625962
TPU v5e Q1 2023 to Q1 2023,2023-01-01,2023-03-31,Google,TPU v5e,54873,33105,81403,10897.0,6574.0,16165.0,0.1985851440121273,225.0,Estimates generated on: 06-11-2026 12:02,12346425,7448625,18315675,,225.0,84680835
TPU v4 Q1 2023 to Q2 2023,2023-01-01,2023-06-30,Google,TPU v4,252738,184327,331400,35120.0,25614.0,46051.0,0.1389590702374936,340.0,Estimates generated on: 06-11-2026 12:02,85930920,62671180,112676000,,,84933573
TPU v4i Q1 2023 to Q2 2023,2023-01-01,2023-06-30,Google,TPU v4i,30240,18552,46065,2108.0,1293.0,3212.0,0.0697321879737241,175.0,Estimates generated on: 06-11-2026 12:02,5292000,3246600,8061375,,,84963813
TPU v5e Q1 2023 to Q2 2023,2023-01-01,2023-06-30,Google,TPU v5e,174515,122002,241576,34656.0,24227.0,47973.0,0.1985851440121273,225.0,Estimates generated on: 06-11-2026 12:02,39265875,27450450,54354600,,225.0,85138328
TPU v4i Q1 2023 to Q3 2023,2023-01-01,2023-09-30,Google,TPU v4i,30240,18552,46065,2108.0,1293.0,3212.0,0.0697321879737241,175.0,Estimates generated on: 06-11-2026 12:02,5292000,3246600,8061375,,,85168568
TPU v5e Q1 2023 to Q3 2023,2023-01-01,2023-09-30,Google,TPU v5e,424382,308386,562655,84276.0,61241.0,111735.0,0.1985851440121273,225.0,Estimates generated on: 06-11-2026 12:02,95485950,69386850,126597375,,225.0,85592950
TPU v4 Q1 2023 to Q3 2023,2023-01-01,2023-09-30,Google,TPU v4,263966,191599,348035,36680.0,26624.0,48362.0,0.1389590702374936,340.0,Estimates generated on: 06-11-2026 12:02,89748440,65143660,118331900,,,85856916
TPU v4i Q1 2023 to Q4 2023,2023-01-01,2023-12-31,Google,TPU v4i,30240,18552,46065,2108.0,1293.0,3212.0,0.0697321879737241,175.0,Estimates generated on: 06-11-2026 12:02,5292000,3246600,8061375,,,85887156
TPU v5p Q1 2023 to Q4 2023,2023-01-01,2023-12-31,Google,TPU v5p,14459,7237,22369,6707.0,3357.0,10376.0,0.4638706417382516,540.0,Estimates generated on: 06-11-2026 12:02,7807860,3907980,12079260,,,85901615
TPU v4 Q1 2023 to Q4 2023,2023-01-01,2023-12-31,Google,TPU v4,263966,191599,348035,36680.0,26624.0,48362.0,0.1389590702374936,340.0,Estimates generated on: 06-11-2026 12:02,89748440,65143660,118331900,,,86165581
TPU v5e Q1 2023 to Q4 2023,2023-01-01,2023-12-31,Google,TPU v5e,813057,598080,1063900,161461.0,118769.0,211274.0,0.1985851440121273,225.0,Estimates generated on: 06-11-2026 12:02,182937825,134568000,239377500,,225.0,86978638
TPU v4 Q1 2023 to Q1 2024,2023-01-01,2024-03-31,Google,TPU v4,263966,191599,348035,36680.0,26624.0,48362.0,0.1389590702374936,340.0,Estimates generated on: 06-11-2026 12:02,89748440,65143660,118331900,,,87242604
TPU v4i Q1 2023 to Q1 2024,2023-01-01,2024-03-31,Google,TPU v4i,30240,18552,46065,2108.0,1293.0,3212.0,0.0697321879737241,175.0,Estimates generated on: 06-11-2026 12:02,5292000,3246600,8061375,,,87272844
TPU v5e Q1 2023 to Q1 2024,2023-01-01,2024-03-31,Google,TPU v5e,1234571,903244,1610990,245167.0,179371.0,319918.0,0.1985851440121273,225.0,Estimates generated on: 06-11-2026 12:02,277778475,203229900,362472750,,225.0,88507415
TPU v5p Q1 2023 to Q1 2024,2023-01-01,2024-03-31,Google,TPU v5p,97291,70061,127768,45130.0,32499.0,59267.0,0.4638706417382516,540.0,Estimates generated on: 06-11-2026 12:02,52537140,37832940,68994720,,,88604706
TPU v4 Q1 2023 to Q2 2024,2023-01-01,2024-06-30,Google,TPU v4,263966,191599,348035,36680.0,26624.0,48362.0,0.1389590702374936,340.0,Estimates generated on: 06-11-2026 12:02,89748440,65143660,118331900,,,88868672
TPU v5p Q1 2023 to Q2 2024,2023-01-01,2024-06-30,Google,TPU v5p,242628,177155,316735,112548.0,82177.0,146924.0,0.4638706417382516,540.0,Estimates generated on: 06-11-2026 12:02,131019120,95663700,171036900,,,89111300
TPU v5e Q1 2023 to Q2 2024,2023-01-01,2024-06-30,Google,TPU v5e,1609677,1178325,2105433,319658.0,233998.0,418107.0,0.1985851440121273,225.0,Estimates generated on: 06-11-2026 12:02,362177325,265123125,473722425,,225.0,90720977
TPU v4i Q1 2023 to Q2 2024,2023-01-01,2024-06-30,Google,TPU v4i,30240,18552,46065,2108.0,1293.0,3212.0,0.0697321879737241,175.0,Estimates generated on: 06-11-2026 12:02,5292000,3246600,8061375,,,90751217
TPU v4i Q1 2023 to Q3 2024,2023-01-01,2024-09-30,Google,TPU v4i,30240,18552,46065,2108.0,1293.0,3212.0,0.0697321879737241,175.0,Estimates generated on: 06-11-2026 12:02,5292000,3246600,8061375,,,90781457
TPU v5e Q1 2023 to Q3 2024,2023-01-01,2024-09-30,Google,TPU v5e,1968938,1442306,2587143,391001.0,286420.0,513768.0,0.1985851440121273,225.0,Estimates generated on: 06-11-2026 12:02,443011050,324518850,582107175,,225.0,92750395
TPU v4 Q1 2023 to Q3 2024,2023-01-01,2024-09-30,Google,TPU v4,263966,191599,348035,36680.0,26624.0,48362.0,0.1389590702374936,340.0,Estimates generated on: 06-11-2026 12:02,89748440,65143660,118331900,,,93014361
TPU v6e Q1 2023 to Q3 2024,2023-01-01,2024-09-30,Google,TPU v6e,40020,17332,71151,37128.0,16079.0,66010.0,0.9277412834765032,380.0,Estimates generated on: 06-11-2026 12:02,15207600,6586160,27037380,,,93054381
TPU v5p Q1 2023 to Q3 2024,2023-01-01,2024-09-30,Google,TPU v5p,402761,292834,527118,186829.0,135837.0,244514.0,0.4638706417382516,540.0,Estimates generated on: 06-11-2026 12:02,217490940,158130360,284643720,,,93457142
TPU v5p Q1 2023 to Q4 2024,2023-01-01,2024-12-31,Google,TPU v5p,537739,391899,700754,249441.0,181790.0,325059.0,0.4638706417382516,540.0,Estimates generated on: 06-11-2026 12:02,290379060,211625460,378407160,,,93994881
TPU v4 Q1 2023 to Q4 2024,2023-01-01,2024-12-31,Google,TPU v4,263966,191599,348035,36680.0,26624.0,48362.0,0.1389590702374936,340.0,Estimates generated on: 06-11-2026 12:02,89748440,65143660,118331900,,,94258847
TPU v5e Q1 2023 to Q4 2024,2023-01-01,2024-12-31,Google,TPU v5e,2274049,1663077,2998912,451592.0,330262.0,595539.0,0.1985851440121273,225.0,Estimates generated on: 06-11-2026 12:02,511661025,374192325,674755200,,225.0,96532896
TPU v4i Q1 2023 to Q4 2024,2023-01-01,2024-12-31,Google,TPU v4i,30240,18552,46065,2108.0,1293.0,3212.0,0.0697321879737241,175.0,Estimates generated on: 06-11-2026 12:02,5292000,3246600,8061375,,,96563136
TPU v6e Q1 2023 to Q4 2024,2023-01-01,2024-12-31,Google,TPU v6e,215717,150896,291876,200130.0,139993.0,270785.0,0.9277412834765032,380.0,Estimates generated on: 06-11-2026 12:02,81972460,57340480,110912880,,,96778853
TPU v4i Q1 2023 to Q1 2025,2023-01-01,2025-03-31,Google,TPU v4i,30240,18552,46065,2108.0,1293.0,3212.0,0.0697321879737241,175.0,Estimates generated on: 06-11-2026 12:02,5292000,3246600,8061375,,,96809093
TPU v4 Q1 2023 to Q1 2025,2023-01-01,2025-03-31,Google,TPU v4,263966,191599,348035,36680.0,26624.0,48362.0,0.1389590702374936,340.0,Estimates generated on: 06-11-2026 12:02,89748440,65143660,118331900,,,97073059
TPU v5p Q1 2023 to Q1 2025,2023-01-01,2025-03-31,Google,TPU v5p,634480,462109,821282,294316.0,214359.0,380968.0,0.4638706417382516,540.0,Estimates generated on: 06-11-2026 12:02,342619200,249538860,443492280,,,97707539
TPU v6e Q1 2023 to Q1 2025,2023-01-01,2025-03-31,Google,TPU v6e,623686,470048,791461,578620.0,436083.0,734271.0,0.9277412834765032,380.0,Estimates generated on: 06-11-2026 12:02,237000680,178618240,300755180,,,98331225
TPU v5e Q1 2023 to Q1 2025,2023-01-01,2025-03-31,Google,TPU v5e,2371099,1728010,3127166,470865.0,343157.0,621008.0,0.1985851440121273,225.0,Estimates generated on: 06-11-2026 12:02,533497275,388802250,703612350,,225.0,100702324
TPU v6e Q1 2023 to Q2 2025,2023-01-01,2025-06-30,Google,TPU v6e,1287713,993826,1593762,1194664.0,922013.0,1478598.0,0.9277412834765032,380.0,Estimates generated on: 06-11-2026 12:02,489330940,377653880,605629560,,,101990037
TPU v5p Q1 2023 to Q2 2025,2023-01-01,2025-06-30,Google,TPU v5p,667118,483219,863830,309456.0,224151.0,400705.0,0.4638706417382516,540.0,Estimates generated on: 06-11-2026 12:02,360243720,260938260,466468200,,,102657155
TPU v5e Q1 2023 to Q2 2025,2023-01-01,2025-06-30,Google,TPU v5e,2371099,1728010,3127166,470865.0,343157.0,621008.0,0.1985851440121273,225.0,Estimates generated on: 06-11-2026 12:02,533497275,388802250,703612350,,225.0,105028254
TPU v4 Q1 2023 to Q2 2025,2023-01-01,2025-06-30,Google,TPU v4,263966,191599,348035,36680.0,26624.0,48362.0,0.1389590702374936,340.0,Estimates generated on: 06-11-2026 12:02,89748440,65143660,118331900,,,105292220
TPU v4i Q1 2023 to Q2 2025,2023-01-01,2025-06-30,Google,TPU v4i,30240,18552,46065,2108.0,1293.0,3212.0,0.0697321879737241,175.0,Estimates generated on: 06-11-2026 12:02,5292000,3246600,8061375,,,105322460
TPU v4 Q1 2023 to Q3 2025,2023-01-01,2025-09-30,Google,TPU v4,263966,191599,348035,36680.0,26624.0,48362.0,0.1389590702374936,340.0,Estimates generated on: 06-11-2026 12:02,89748440,65143660,118331900,,,105586426
TPU v7 Q1 2023 to Q3 2025,2023-01-01,2025-09-30,Google,TPU v7,51358,23632,80443,119740.0,55097.0,187553.0,2.331480545730167,960.0,Estimates generated on: 06-11-2026 12:02,49303680,22686720,77225280,,,105637784
TPU v4i Q1 2023 to Q3 2025,2023-01-01,2025-09-30,Google,TPU v4i,30240,18552,46065,2108.0,1293.0,3212.0,0.0697321879737241,175.0,Estimates generated on: 06-11-2026 12:02,5292000,3246600,8061375,,,105668024
TPU v5e Q1 2023 to Q3 2025,2023-01-01,2025-09-30,Google,TPU v5e,2371099,1728010,3127166,470865.0,343157.0,621008.0,0.1985851440121273,225.0,Estimates generated on: 06-11-2026 12:02,533497275,388802250,703612350,,225.0,108039123
TPU v6e Q1 2023 to Q3 2025,2023-01-01,2025-09-30,Google,TPU v6e,2029046,1567343,2495490,1882429.0,1454088.0,2315169.0,0.9277412834765032,380.0,Estimates generated on: 06-11-2026 12:02,771037480,595590340,948286200,,,110068169
TPU v5p Q1 2023 to Q3 2025,2023-01-01,2025-09-30,Google,TPU v5p,667118,483219,863830,309456.0,224151.0,400705.0,0.4638706417382516,540.0,Estimates generated on: 06-11-2026 12:02,360243720,260938260,466468200,,,110735287
TPU v4i Q1 2023 to Q4 2025,2023-01-01,2025-12-31,Google,TPU v4i,30240,18552,46065,2108.0,1293.0,3212.0,0.0697321879737241,175.0,Estimates generated on: 06-11-2026 12:02,5292000,3246600,8061375,,,110765527
TPU v4 Q1 2023 to Q4 2025,2023-01-01,2025-12-31,Google,TPU v4,263966,191599,348035,36680.0,26624.0,48362.0,0.1389590702374936,340.0,Estimates generated on: 06-11-2026 12:02,89748440,65143660,118331900,,,111029493
TPU v5e Q1 2023 to Q4 2025,2023-01-01,2025-12-31,Google,TPU v5e,2371099,1728010,3127166,470865.0,343157.0,621008.0,0.1985851440121273,225.0,Estimates generated on: 06-11-2026 12:02,533497275,388802250,703612350,,225.0,113400592
TPU v5p Q1 2023 to Q4 2025,2023-01-01,2025-12-31,Google,TPU v5p,667118,483219,863830,309456.0,224151.0,400705.0,0.4638706417382516,540.0,Estimates generated on: 06-11-2026 12:02,360243720,260938260,466468200,,,114067710
TPU v7 Q1 2023 to Q4 2025,2023-01-01,2025-12-31,Google,TPU v7,249693,178196,330685,582156.0,415460.0,770985.0,2.331480545730167,960.0,Estimates generated on: 06-11-2026 12:02,239705280,171068160,317457600,,,114317403
TPU v6e Q1 2023 to Q4 2025,2023-01-01,2025-12-31,Google,TPU v6e,2427685,1862023,2996658,2252264.0,1727476.0,2780123.0,0.9277412834765032,380.0,Estimates generated on: 06-11-2026 12:02,922520300,707568740,1138730040,,,116745088
TPU v6e Q1 2023 to Q1 2026,2023-01-01,2026-03-31,Google,TPU v6e,2569138,1976128,3184547,2383495.0,1833335.0,2954436.0,0.9277412834765032,380.0,Estimates generated on: 06-11-2026 12:02,976272440,750928640,1210127860,,,119314226
TPU v5p Q1 2023 to Q1 2026,2023-01-01,2026-03-31,Google,TPU v5p,667118,483219,863830,309456.0,224151.0,400705.0,0.4638706417382516,540.0,Estimates generated on: 06-11-2026 12:02,360243720,260938260,466468200,,,119981344
TPU v5e Q1 2023 to Q1 2026,2023-01-01,2026-03-31,Google,TPU v5e,2371099,1728010,3127166,470865.0,343157.0,621008.0,0.1985851440121273,225.0,Estimates generated on: 06-11-2026 12:02,533497275,388802250,703612350,,225.0,122352443
TPU v4 Q1 2023 to Q1 2026,2023-01-01,2026-03-31,Google,TPU v4,263966,191599,348035,36680.0,26624.0,48362.0,0.1389590702374936,340.0,Estimates generated on: 06-11-2026 12:02,89748440,65143660,118331900,,,122616409
TPU v4i Q1 2023 to Q1 2026,2023-01-01,2026-03-31,Google,TPU v4i,30240,18552,46065,2108.0,1293.0,3212.0,0.0697321879737241,175.0,Estimates generated on: 06-11-2026 12:02,5292000,3246600,8061375,,,122646649
TPU v7 Q1 2023 to Q1 2026,2023-01-01,2026-03-31,Google,TPU v7,558629,422905,708261,1302434.0,985995.0,1651297.0,2.331480545730167,960.0,Estimates generated on: 06-11-2026 12:02,536283840,405988800,679930560,,,123205278
TPU v5e Q1 2023 to Q2 2026,2023-01-01,2026-06-30,Google,TPU v5e,2371099,1728010,3127166,470865.0,343157.0,621008.0,0.1985851440121273,225.0,Incomplete: based on Broadcom fiscal quarters ending 5/3/2026. Estimates generated on: 06-11-2026 12:02,533497275,388802250,703612350,True,225.0,125576377
TPU v4i Q1 2023 to Q2 2026,2023-01-01,2026-06-30,Google,TPU v4i,30240,18552,46065,2108.0,1293.0,3212.0,0.0697321879737241,175.0,Incomplete: based on Broadcom fiscal quarters ending 5/3/2026. Estimates generated on: 06-11-2026 12:02,5292000,3246600,8061375,True,,125606617
TPU v6e Q1 2023 to Q2 2026,2023-01-01,2026-06-30,Google,TPU v6e,2607433,2007593,3235283,2419023.0,1862527.0,3001506.0,0.9277412834765032,380.0,Incomplete: based on Broadcom fiscal quarters ending 5/3/2026. Estimates generated on: 06-11-2026 12:02,990824540,762885340,1229407540,True,,128214050
TPU v7 Q1 2023 to Q2 2026,2023-01-01,2026-06-30,Google,TPU v7,681682,517174,857504,1589328.0,1205782.0,1999255.0,2.331480545730167,960.0,Incomplete: based on Broadcom fiscal quarters ending 5/3/2026. Estimates generated on: 06-11-2026 12:02,654414720,496487040,823203840,True,,128895732
TPU v4 Q1 2023 to Q2 2026,2023-01-01,2026-06-30,Google,TPU v4,263966,191599,348035,36680.0,26624.0,48362.0,0.1389590702374936,340.0,Incomplete: based on Broadcom fiscal quarters ending 5/3/2026. Estimates generated on: 06-11-2026 12:02,89748440,65143660,118331900,True,,129159698
TPU v5p Q1 2023 to Q2 2026,2023-01-01,2026-06-30,Google,TPU v5p,667118,483219,863830,309456.0,224151.0,400705.0,0.4638706417382516,540.0,Incomplete: based on Broadcom fiscal quarters ending 5/3/2026. Estimates generated on: 06-11-2026 12:02,360243720,260938260,466468200,True,,129826816
MI300X Q1 2024 to Q1 2024,2024-01-01,2024-03-31,AMD,Instinct MI300X,34423,24655,47421,45484.0,32577.0,62658.0,1.3213239009600808,750.0,Estimates generated on: 03-24-2026 11:30,25817250,18491250,35565750,,,129861239
MI250X Q1 2024 to Q1 2024,2024-01-01,2024-03-31,AMD,Instinct MI250X,30358,20162,42614,5875.0,3902.0,8247.0,0.1935320869125821,500.0,Estimates generated on: 03-24-2026 11:30,15179000,10081000,21307000,,,129891597
MI300A Q1 2024 to Q1 2024,2024-01-01,2024-03-31,AMD,Instinct MI300A,3555,1219,6289,3523.0,1208.0,6232.0,0.9910055583628096,760.0,Estimates generated on: 03-24-2026 11:30,2701800,926440,4779640,,,129895152
Ascend 910C Q1 2024 to Q1 2024,2024-01-01,2024-03-31,Huawei,Ascend 910C,12500,6250,25000,9649.0,4877.0,18995.0,0.4042445679636179,700.0,Confidence intervals in units are relatively unprincipled due to lack of revenue model. Don't take them too literally. H100e conversion incorporates some uncertainty over average chip specifications. See methodology,8750000,4375000,17500000,,,129907652
Ascend 910B Q1 2024 to Q1 2024,2024-01-01,2024-03-31,Huawei,Ascend 910B,100000,87500,125000,35379.0,27363.0,45991.0,0.1899949469429004,400.0,Confidence intervals in units are relatively unprincipled due to lack of revenue model. Don't take them too literally. H100e conversion incorporates some uncertainty over average chip specifications. See methodology,40000000,35000000,50000000,,,130007652
Trainium1 Q1 2024 to Q1 2024,2024-01-01,2024-03-31,Amazon,Trainium1,110000,50000,250000,23345.0,10611.0,53057.0,0.2122283981808994,,Estimates generated on: 03-19-2026 16:00,33000000,15000000,75000000,,300.0,130117652
Trainium2 Q1 2024 to Q1 2024,2024-01-01,2024-03-31,Amazon,Trainium2,15000,5000,25000,9845.0,3281.0,16409.0,0.6563921172309247,500.0,Estimates generated on: 03-19-2026 16:00,7500000,2500000,12500000,,,130132652
Siyuan 590 Q1 2024 to Q1 2024,2024-01-01,2024-03-31,Cambricon,Siyuan 590,547,525,591,141.5,135.8,152.9,0.2587165234967155,200.0,"Calculated H100e using a 16-bit precision ratio, as this is the only available performance metric for the Siyuan 590. Separately, reporting suggests the chip achieves ~80% of NVIDIA A100 performance; the A100 delivers 624 TFLOPS at 8-bit precision. Quarterly allocation proportional to reported quarterly revenue.",109400,105000,118200,,,130133199
MI300X Q1 2024 to Q2 2024,2024-01-01,2024-06-30,AMD,Instinct MI300X,115241,90615,145129,152270.0,119732.0,191762.0,1.3213239009600808,750.0,Estimates generated on: 03-24-2026 11:30,86430750,67961250,108846750,,,130248440
MI250X Q1 2024 to Q2 2024,2024-01-01,2024-06-30,AMD,Instinct MI250X,37139,25424,51578,7187.0,4920.0,9982.0,0.1935320869125821,500.0,Estimates generated on: 03-24-2026 11:30,18569500,12712000,25789000,,,130285579
MI300A Q1 2024 to Q2 2024,2024-01-01,2024-06-30,AMD,Instinct MI300A,14311,6753,21967,14182.0,6693.0,21769.0,0.9910055583628096,760.0,Estimates generated on: 03-24-2026 11:30,10876360,5132280,16694920,,,130299890
Ascend 910C Q1 2024 to Q2 2024,2024-01-01,2024-06-30,Huawei,Ascend 910C,25000,12500,50000,19298.0,9754.0,37990.0,0.4042445679636179,700.0,Confidence intervals in units are relatively unprincipled due to lack of revenue model. Don't take them too literally. H100e conversion incorporates some uncertainty over average chip specifications. See methodology,17500000,8750000,35000000,,,130324890
Ascend 910B Q1 2024 to Q2 2024,2024-01-01,2024-06-30,Huawei,Ascend 910B,200000,175000,250000,70758.0,54726.0,91982.0,0.1899949469429004,400.0,Confidence intervals in units are relatively unprincipled due to lack of revenue model. Don't take them too literally. H100e conversion incorporates some uncertainty over average chip specifications. See methodology,80000000,70000000,100000000,,,130524890
Trainium2 Q1 2024 to Q2 2024,2024-01-01,2024-06-30,Amazon,Trainium2,45000,25000,70000,29537.0,16409.0,45947.0,0.6563921172309247,500.0,Estimates generated on: 03-19-2026 16:00,22500000,12500000,35000000,,,130569890
Trainium1 Q1 2024 to Q2 2024,2024-01-01,2024-06-30,Amazon,Trainium1,225000,100000,500000,47751.0,21222.0,106114.0,0.2122283981808994,,Estimates generated on: 03-19-2026 16:00,67500000,30000000,150000000,,300.0,130794890
Siyuan 590 Q1 2024 to Q2 2024,2024-01-01,2024-06-30,Cambricon,Siyuan 590,1379,1324,1490,356.7,342.5,385.5,0.2587165234967155,200.0,"Calculated H100e using a 16-bit precision ratio, as this is the only available performance metric for the Siyuan 590. Separately, reporting suggests the chip achieves ~80% of NVIDIA A100 performance; the A100 delivers 624 TFLOPS at 8-bit precision. Quarterly allocation proportional to reported quarterly revenue.",275800,264800,298000,,,130796269
MI300X Q1 2024 to Q3 2024,2024-01-01,2024-09-30,AMD,Instinct MI300X,210472,168771,260015,278102.0,223002.0,343564.0,1.3213239009600808,750.0,Estimates generated on: 03-24-2026 11:30,157854000,126578250,195011250,,,131006741
MI250X Q1 2024 to Q3 2024,2024-01-01,2024-09-30,AMD,Instinct MI250X,41549,29030,57091,8041.0,5618.0,11049.0,0.1935320869125821,500.0,Estimates generated on: 03-24-2026 11:30,20774500,14515000,28545500,,,131048290
MI300A Q1 2024 to Q3 2024,2024-01-01,2024-09-30,AMD,Instinct MI300A,57711,44098,73095,57192.0,43701.0,72438.0,0.9910055583628096,760.0,Estimates generated on: 03-24-2026 11:30,43860360,33514480,55552200,,,131106001
Ascend 910C Q1 2024 to Q3 2024,2024-01-01,2024-09-30,Huawei,Ascend 910C,37500,18750,75000,28947.0,14631.0,56985.0,0.4042445679636179,700.0,Confidence intervals in units are relatively unprincipled due to lack of revenue model. Don't take them too literally. H100e conversion incorporates some uncertainty over average chip specifications. See methodology,26250000,13125000,52500000,,,131143501
Ascend 910B Q1 2024 to Q3 2024,2024-01-01,2024-09-30,Huawei,Ascend 910B,300000,262500,375000,106137.0,82089.0,137973.0,0.1899949469429004,400.0,Confidence intervals in units are relatively unprincipled due to lack of revenue model. Don't take them too literally. H100e conversion incorporates some uncertainty over average chip specifications. See methodology,120000000,105000000,150000000,,,131443501
Trainium1 Q1 2024 to Q3 2024,2024-01-01,2024-09-30,Amazon,Trainium1,335000,150000,750000,71096.0,31834.0,159171.0,0.2122283981808994,,Estimates generated on: 03-19-2026 16:00,100500000,45000000,225000000,,300.0,131778501
Trainium2 Q1 2024 to Q3 2024,2024-01-01,2024-09-30,Amazon,Trainium2,120000,80000,175000,78767.0,52511.0,114868.0,0.6563921172309247,500.0,Estimates generated on: 03-19-2026 16:00,60000000,40000000,87500000,,,131898501
Siyuan 590 Q1 2024 to Q3 2024,2024-01-01,2024-09-30,Cambricon,Siyuan 590,3944,3786,4260,1020.4,979.5,1102.1,0.2587165234967155,200.0,"Calculated H100e using a 16-bit precision ratio, as this is the only available performance metric for the Siyuan 590. Separately, reporting suggests the chip achieves ~80% of NVIDIA A100 performance; the A100 delivers 624 TFLOPS at 8-bit precision. Quarterly allocation proportional to reported quarterly revenue.",788800,757200,852000,,,131902445
MI300X Q1 2024 to Q4 2024,2024-01-01,2024-12-31,AMD,Instinct MI300X,326413,262974,400940,431297.0,347474.0,529772.0,1.3213239009600808,750.0,Estimates generated on: 03-24-2026 11:30,244809750,197230500,300705000,,,132228858
MI300A Q1 2024 to Q4 2024,2024-01-01,2024-12-31,AMD,Instinct MI300A,110201,90403,132948,109209.0,89590.0,131752.0,0.9910055583628096,760.0,Estimates generated on: 03-24-2026 11:30,83752760,68706280,101040480,,,132339059
MI250X Q1 2024 to Q4 2024,2024-01-01,2024-12-31,AMD,Instinct MI250X,45102,32066,61508,8728.0,6205.0,11903.0,0.1935320869125821,500.0,Estimates generated on: 03-24-2026 11:30,22551000,16033000,30754000,,,132384161
Ascend 910C Q1 2024 to Q4 2024,2024-01-01,2024-12-31,Huawei,Ascend 910C,50000,25000,100000,38596.0,19508.0,75980.0,0.4042445679636179,700.0,Confidence intervals in units are relatively unprincipled due to lack of revenue model. Don't take them too literally. H100e conversion incorporates some uncertainty over average chip specifications. See methodology,35000000,17500000,70000000,,,132434161
Ascend 910B Q1 2024 to Q4 2024,2024-01-01,2024-12-31,Huawei,Ascend 910B,400000,350000,500000,141516.0,109452.0,183964.0,0.1899949469429004,400.0,Confidence intervals in units are relatively unprincipled due to lack of revenue model. Don't take them too literally. H100e conversion incorporates some uncertainty over average chip specifications. See methodology,160000000,140000000,200000000,,,132834161
Trainium2 Q1 2024 to Q4 2024,2024-01-01,2024-12-31,Amazon,Trainium2,315000,210000,430000,206763.0,137842.0,282248.0,0.6563921172309247,500.0,Estimates generated on: 03-19-2026 16:00,157500000,105000000,215000000,,,133149161
Trainium1 Q1 2024 to Q4 2024,2024-01-01,2024-12-31,Amazon,Trainium1,445000,200000,1000000,94441.0,42445.0,212228.0,0.2122283981808994,,Estimates generated on: 03-19-2026 16:00,133500000,60000000,300000000,,300.0,133594161
Siyuan 590 Q1 2024 to Q4 2024,2024-01-01,2024-12-31,Cambricon,Siyuan 590,25000,24000,27000,6467.5,6208.8,6984.9,0.2587165234967155,200.0,"Calculated H100e using a 16-bit precision ratio, as this is the only available performance metric for the Siyuan 590. Separately, reporting suggests the chip achieves ~80% of NVIDIA A100 performance; the A100 delivers 624 TFLOPS at 8-bit precision. Quarterly allocation proportional to reported quarterly revenue.",5000000,4800000,5400000,,,133619161
MI300A Q1 2024 to Q1 2025,2024-01-01,2025-03-31,AMD,Instinct MI300A,114901,94854,138214,113868.0,94000.0,136971.0,0.9910055583628096,760.0,Estimates generated on: 03-24-2026 11:30,87324760,72089040,105042640,,,133734062
MI300X Q1 2024 to Q1 2025,2024-01-01,2025-03-31,AMD,Instinct MI300X,411956,331422,507828,544327.0,437916.0,671006.0,1.3213239009600808,750.0,Estimates generated on: 03-24-2026 11:30,308967000,248566500,380871000,,,134146018
MI325X Q1 2024 to Q1 2025,2024-01-01,2025-03-31,AMD,Instinct MI325X,32244,19342,52027,42362.0,25412.0,68353.0,1.3137948458817583,1000.0,Estimates generated on: 03-24-2026 11:30,32244000,19342000,52027000,,,134178262
MI250X Q1 2024 to Q1 2025,2024-01-01,2025-03-31,AMD,Instinct MI250X,45102,32066,61508,8728.0,6205.0,11903.0,0.1935320869125821,500.0,Estimates generated on: 03-24-2026 11:30,22551000,16033000,30754000,,,134223364
Ascend 910B Q1 2024 to Q1 2025,2024-01-01,2025-03-31,Huawei,Ascend 910B,450000,387500,566500,158333.0,121399.0,207847.0,0.1899949469429004,400.0,Confidence intervals in units are relatively unprincipled due to lack of revenue model. Don't take them too literally. H100e conversion incorporates some uncertainty over average chip specifications. See methodology,180000000,155000000,226600000,,,134673364
Ascend 910C Q1 2024 to Q1 2025,2024-01-01,2025-03-31,Huawei,Ascend 910C,200000,150000,275000,153743.0,116707.0,211991.0,0.4042445679636179,700.0,Confidence intervals in units are relatively unprincipled due to lack of revenue model. Don't take them too literally. H100e conversion incorporates some uncertainty over average chip specifications. See methodology,140000000,105000000,192500000,,,134873364
Trainium1 Q1 2024 to Q1 2025,2024-01-01,2025-03-31,Amazon,Trainium1,445000,200000,1000000,94441.0,42445.0,212228.0,0.2122283981808994,,Estimates generated on: 03-19-2026 16:00,133500000,60000000,300000000,,300.0,135318364
Trainium2 Q1 2024 to Q1 2025,2024-01-01,2025-03-31,Amazon,Trainium2,525000,430000,630000,344605.0,282248.0,413527.0,0.6563921172309247,500.0,Estimates generated on: 03-19-2026 16:00,262500000,215000000,315000000,,,135843364
Siyuan 590 Q1 2024 to Q1 2025,2024-01-01,2025-03-31,Cambricon,Siyuan 590,43816,41106,52659,11335.2,10634.1,13622.9,0.2587165234967155,200.0,"Calculated H100e using a 16-bit precision ratio, as this is the only available performance metric for the Siyuan 590. Separately, reporting suggests the chip achieves ~80% of NVIDIA A100 performance; the A100 delivers 624 TFLOPS at 8-bit precision. Quarterly allocation proportional to reported quarterly revenue.",8763200,8221200,10531800,,,135887180
MI250X Q1 2024 to Q2 2025,2024-01-01,2025-06-30,AMD,Instinct MI250X,45102,32066,61508,8728.0,6205.0,11903.0,0.1935320869125821,500.0,Estimates generated on: 03-24-2026 11:30,22551000,16033000,30754000,,,135932282
MI300A Q1 2024 to Q2 2025,2024-01-01,2025-06-30,AMD,Instinct MI300A,114901,94854,138214,113868.0,94000.0,136971.0,0.9910055583628096,760.0,Estimates generated on: 03-24-2026 11:30,87324760,72089040,105042640,,,136047183
MI325X Q1 2024 to Q2 2025,2024-01-01,2025-06-30,AMD,Instinct MI325X,59365,38172,90757,77993.0,50151.0,119237.0,1.3137948458817583,1000.0,Estimates generated on: 03-24-2026 11:30,59365000,38172000,90757000,,,136106548
MI350X Q1 2024 to Q2 2025,2024-01-01,2025-06-30,AMD,Instinct MI350X,4130,1730,7050,9631.0,4033.0,16437.0,2.331480545730167,1000.0,Estimates generated on: 03-24-2026 11:30,4130000,1730000,7050000,,,136110678
MI300X Q1 2024 to Q2 2025,2024-01-01,2025-06-30,AMD,Instinct MI300X,458478,368470,564415,605798.0,486869.0,745776.0,1.3213239009600808,750.0,Estimates generated on: 03-24-2026 11:30,343858500,276352500,423311250,,,136569156
Ascend 910C Q1 2024 to Q2 2025,2024-01-01,2025-06-30,Huawei,Ascend 910C,350000,275000,450000,268890.0,213906.0,348002.0,0.4042445679636179,700.0,Confidence intervals in units are relatively unprincipled due to lack of revenue model. Don't take them too literally. H100e conversion incorporates some uncertainty over average chip specifications. See methodology,245000000,192500000,315000000,,,136919156
Ascend 910B Q1 2024 to Q2 2025,2024-01-01,2025-06-30,Huawei,Ascend 910B,500000,425000,633000,175150.0,133346.0,231730.0,0.1899949469429004,400.0,Confidence intervals in units are relatively unprincipled due to lack of revenue model. Don't take them too literally. H100e conversion incorporates some uncertainty over average chip specifications. See methodology,200000000,170000000,253200000,,,137419156
Trainium2 Q1 2024 to Q2 2025,2024-01-01,2025-06-30,Amazon,Trainium2,775000,675000,880000,508703.0,443064.0,577625.0,0.6563921172309247,500.0,Estimates generated on: 03-19-2026 16:00,387500000,337500000,440000000,,,138194156
Trainium1 Q1 2024 to Q2 2025,2024-01-01,2025-06-30,Amazon,Trainium1,445000,200000,1000000,94441.0,42445.0,212228.0,0.2122283981808994,,Estimates generated on: 03-19-2026 16:00,133500000,60000000,300000000,,300.0,138639156
Siyuan 590 Q1 2024 to Q2 2025,2024-01-01,2025-06-30,Cambricon,Siyuan 590,73769,68336,93504,19084.1,17680.5,24190.4,0.2587165234967155,200.0,"Calculated H100e using a 16-bit precision ratio, as this is the only available performance metric for the Siyuan 590. Separately, reporting suggests the chip achieves ~80% of NVIDIA A100 performance; the A100 delivers 624 TFLOPS at 8-bit precision. Quarterly allocation proportional to reported quarterly revenue.",14753800,13667200,18700800,,,138712925
MI250X Q1 2024 to Q3 2025,2024-01-01,2025-09-30,AMD,Instinct MI250X,45102,32066,61508,8728.0,6205.0,11903.0,0.1935320869125821,500.0,Estimates generated on: 03-24-2026 11:30,22551000,16033000,30754000,,,138758027
MI325X Q1 2024 to Q3 2025,2024-01-01,2025-09-30,AMD,Instinct MI325X,79239,51372,119976,104103.0,67492.0,157624.0,1.3137948458817583,1000.0,Estimates generated on: 03-24-2026 11:30,79239000,51372000,119976000,,,138837266
MI355X Q1 2024 to Q3 2025,2024-01-01,2025-09-30,AMD,Instinct MI355X,12359,8196,17673,31433.0,20845.0,44947.0,2.5433046993431025,1400.0,Estimates generated on: 03-24-2026 11:30,17302600,11474400,24742200,,,138849625
MI300A Q1 2024 to Q3 2025,2024-01-01,2025-09-30,AMD,Instinct MI300A,114901,94854,138214,113868.0,94000.0,136971.0,0.9910055583628096,760.0,Estimates generated on: 03-24-2026 11:30,87324760,72089040,105042640,,,138964526
MI300X Q1 2024 to Q3 2025,2024-01-01,2025-09-30,AMD,Instinct MI300X,505188,406496,620044,667517.0,537113.0,819279.0,1.3213239009600808,750.0,Estimates generated on: 03-24-2026 11:30,378891000,304872000,465033000,,,139469714
MI350X Q1 2024 to Q3 2025,2024-01-01,2025-09-30,AMD,Instinct MI350X,40379,31103,51640,94144.0,72516.0,120398.0,2.331480545730167,1000.0,Estimates generated on: 03-24-2026 11:30,40379000,31103000,51640000,,,139510093
Ascend 910B Q1 2024 to Q3 2025,2024-01-01,2025-09-30,Huawei,Ascend 910B,550000,462500,699500,191967.0,145293.0,255613.0,0.1899949469429004,400.0,Confidence intervals in units are relatively unprincipled due to lack of revenue model. Don't take them too literally. H100e conversion incorporates some uncertainty over average chip specifications. See methodology,220000000,185000000,279800000,,,140060093
Ascend 910C Q1 2024 to Q3 2025,2024-01-01,2025-09-30,Huawei,Ascend 910C,500000,400000,625000,384037.0,311105.0,484013.0,0.4042445679636179,700.0,Confidence intervals in units are relatively unprincipled due to lack of revenue model. Don't take them too literally. H100e conversion incorporates some uncertainty over average chip specifications. See methodology,350000000,280000000,437500000,,,140560093
Trainium2 Q1 2024 to Q3 2025,2024-01-01,2025-09-30,Amazon,Trainium2,1065000,950000,1180000,699057.0,623572.0,774542.0,0.6563921172309247,500.0,Estimates generated on: 03-19-2026 16:00,532500000,475000000,590000000,,,141625093
Trainium1 Q1 2024 to Q3 2025,2024-01-01,2025-09-30,Amazon,Trainium1,445000,200000,1000000,94441.0,42445.0,212228.0,0.2122283981808994,,Estimates generated on: 03-19-2026 16:00,133500000,60000000,300000000,,300.0,142070093
Siyuan 590 Q1 2024 to Q3 2025,2024-01-01,2025-09-30,Cambricon,Siyuan 590,103004,94914,133370,26647.1,24555.6,34502.8,0.2587165234967155,200.0,"Calculated H100e using a 16-bit precision ratio, as this is the only available performance metric for the Siyuan 590. Separately, reporting suggests the chip achieves ~80% of NVIDIA A100 performance; the A100 delivers 624 TFLOPS at 8-bit precision. Quarterly allocation proportional to reported quarterly revenue.",20600800,18982800,26674000,,,142173097
Ascend 910C Q1 2024 to Q4 2025,2024-01-01,2025-12-31,Huawei,Ascend 910C,650000,525000,800000,499184.0,408304.0,620024.0,0.4042445679636179,700.0,Confidence intervals in units are relatively unprincipled due to lack of revenue model. Don't take them too literally. H100e conversion incorporates some uncertainty over average chip specifications. See methodology,455000000,367500000,560000000,,,142823097
Ascend 910B Q1 2024 to Q4 2025,2024-01-01,2025-12-31,Huawei,Ascend 910B,600000,500000,766000,208784.0,157240.0,279496.0,0.1899949469429004,400.0,Confidence intervals in units are relatively unprincipled due to lack of revenue model. Don't take them too literally. H100e conversion incorporates some uncertainty over average chip specifications. See methodology,240000000,200000000,306400000,,,143423097
Trainium1 Q1 2024 to Q4 2025,2024-01-01,2025-12-31,Amazon,Trainium1,445000,200000,1000000,94441.0,42445.0,212228.0,0.2122283981808994,,Estimates generated on: 03-19-2026 16:00,133500000,60000000,300000000,,300.0,143868097
Trainium2 Q1 2024 to Q4 2025,2024-01-01,2025-12-31,Amazon,Trainium2,1400000,1260000,1540000,918948.0,827054.0,1010843.0,0.6563921172309247,500.0,Estimates generated on: 03-19-2026 16:00,700000000,630000000,770000000,,,145268097
MI325X Q1 2024 to Q4 2025,2024-01-01,2025-12-31,AMD,Instinct MI325X,79239,51372,119976,104103.0,67492.0,157624.0,1.3137948458817583,1000.0,Estimates generated on: 03-24-2026 11:30,79239000,51372000,119976000,,,145347336
MI308X Q1 2024 to Q4 2025,2024-01-01,2025-12-31,AMD,Instinct MI308X,30646,21343,45393,10123.0,7050.0,14994.0,0.3303183425972713,750.0,Estimates generated on: 03-24-2026 11:30,22984500,16007250,34044750,,,145377982
MI250X Q1 2024 to Q4 2025,2024-01-01,2025-12-31,AMD,Instinct MI250X,45102,32066,61508,8728.0,6205.0,11903.0,0.1935320869125821,500.0,Estimates generated on: 03-24-2026 11:30,22551000,16033000,30754000,,,145423084
MI350X Q1 2024 to Q4 2025,2024-01-01,2025-12-31,AMD,Instinct MI350X,82457,62734,103772,192247.0,146265.0,241942.0,2.331480545730167,1000.0,Estimates generated on: 03-24-2026 11:30,82457000,62734000,103772000,,,145505541
MI355X Q1 2024 to Q4 2025,2024-01-01,2025-12-31,AMD,Instinct MI355X,48765,32865,65165,124025.0,83587.0,165736.0,2.5433046993431025,1400.0,Estimates generated on: 03-24-2026 11:30,68271000,46011000,91231000,,,145554306
MI300X Q1 2024 to Q4 2025,2024-01-01,2025-12-31,AMD,Instinct MI300X,526066,423174,646504,695104.0,559150.0,854242.0,1.3213239009600808,750.0,Estimates generated on: 03-24-2026 11:30,394549500,317380500,484878000,,,146080372
MI300A Q1 2024 to Q4 2025,2024-01-01,2025-12-31,AMD,Instinct MI300A,114901,94854,138214,113868.0,94000.0,136971.0,0.9910055583628096,760.0,Estimates generated on: 03-24-2026 11:30,87324760,72089040,105042640,,,146195273
Siyuan 590 Q1 2024 to Q4 2025,2024-01-01,2025-12-31,Cambricon,Siyuan 590,135000,124000,177000,34924.5,32079.0,45788.3,0.2587165234967155,200.0,"Calculated H100e using a 16-bit precision ratio, as this is the only available performance metric for the Siyuan 590. Separately, reporting suggests the chip achieves ~80% of NVIDIA A100 performance; the A100 delivers 624 TFLOPS at 8-bit precision. Quarterly allocation proportional to reported quarterly revenue.",27000000,24800000,35400000,,,146330273
